<?xml version="1.0" encoding="UTF-8"?>
<monster name="Abyssador" nameDescription="Abyssador" race="blood" experience="50000" speed="470">
	<health now="300000" max="300000" />
	<look type="495" corpse="17413" />
	<targetchange interval="5000" chance="8" />
	<flags>
		<flag summonable="0" />
		<flag attackable="1" />
		<flag hostile="1" />
		<flag illusionable="0" />
		<flag convinceable="0" />
		<flag pushable="0" />
		<flag canpushitems="1" />
		<flag canpushcreatures="1" />
		<flag targetdistance="1" />
		<flag staticattack="50" />
		<flag runonhealth="100" />
		<flag isboss="1" />
	</flags>
	<attacks>
		<attack name="melee" interval="2500" min="0" max="-960" />
		<attack name="speed" interval="2000" chance="20" range="7" speedchange="-400" duration="2500">
			<attribute key="shootEffect" value="earth" />
		</attack>
		<attack name="fire" interval="800" chance="10" radius="10" range="7" min="-820" max="-1250">
			<attribute key="areaEffect" value="greenspark" />
		</attack>
		<attack name="energy" interval="750" chance="10" radius="12" range="3" target="1" min="-650" max="-1300">
			<attribute key="areaEffect" value="greenspark" />
		</attack>
		<attack name="lifedrain" interval="700" chance="10" range="3" radius="4" target="1" min="-600" max="-1230">
			<attribute key="shootEffect" value="poison" />
		</attack>
		<attack name="earth" interval="700" chance="12" radius="3" target="0" min="-40" max="-130">
			<attribute key="areaEffect" value="poison" />
		</attack>
	</attacks>
	<defenses armor="15" defense="20">
		<defense name="healing" interval="1000" chance="1" min="0" max="300000">
			<attribute key="areaEffect" value="blueshimmer" />
		</defense>
		<defense name="healing" interval="5000" chance="30" min="1000" max="1000">
			<attribute key="areaEffect" value="blueshimmer" />
		</defense>
		<defense name="invisible" interval="2000" chance="25" duration="3000">
			<attribute key="areaEffect" value="blueshimmer" />
		</defense>
	</defenses>
	<elements>
		<element physicalPercent="10" />
		<element deathPercent="-20" />
		<element energyPercent="-20" />
	</elements>
	<immunities>
		<immunity drown="1" />
		<immunity paralyze="1" />
		<immunity invisible="1" />
		<immunity earth="1" />
		<immunity drunk="1" />
		<immunity outfit="1" />
	</immunities>
	<voices interval="3000" chance="10">
		<voice sentence="*** BRAINS *** SMALL ***" />
		<voice sentence="*** LIVE *** DRY ***" />
		<voice sentence="*** IMPORTANT ***" />
		<voice sentence="*** FIRE *** HOME *** VICTORY ***" />
		<voice sentence="*** EXISTENCE *** FUTILE ***" />
		<voice sentence="*** TIME ***" />
		<voice sentence="*** STEALTH ***" />
		<voice sentence="*** DEATH ***" />
	</voices>
	<loot>
		<item name="decorative ribbon" chance="10000" />
		<item name="crystalline sword" chance="5500" />
		<item name="crystalline axe" chance="5500" />
		<item name="mycological mace" chance="4500" />
		<item name="crystal crossbow" chance="4500" />
		<item name="mycological bow" chance="10000" />
		<item name="shiny blade" chance="8000" />
		<item name="Abyssador's lash" chance="100000" />
	</loot>
</monster>
