<?xml version="1.0" encoding="UTF-8"?>
<monster name="Apprentice Sheng" nameDescription="Apprentice Sheng" race="blood" experience="150" speed="170">
	<health now="95" max="95" />
	<look type="23" corpse="5981" />
	<targetchange interval="5000" chance="8" />
	<flags>
		<flag summonable="0" />
		<flag attackable="1" />
		<flag hostile="1" />
		<flag illusionable="1" />
		<flag convinceable="0" />
		<flag pushable="0" />
		<flag canpushitems="1" />
		<flag canpushcreatures="0" />
		<flag targetdistance="4" />
		<flag staticattack="90" />
		<flag runonhealth="0" />
		<flag isboss="1" />
	</flags>
	<attacks>
		<attack name="melee" interval="2000" min="0" max="-13" />
		<attack name="energy" interval="1000" chance="14" range="7" min="-15" max="-25">
			<attribute key="shootEffect" value="energyball" />
			<attribute key="areaEffect" value="energyarea" />
		</attack>
		<attack name="fire" interval="2000" chance="10" range="7" radius="1" target="1" min="-15" max="-45">
			<attribute key="shootEffect" value="fire" />
			<attribute key="areaEffect" value="firearea" />
		</attack>
		<attack name="energyfield" interval="1000" chance="8" range="7" radius="1" target="1">
			<attribute key="shootEffect" value="energy" />
		</attack>
		<attack name="effect" interval="10500" chance="100" radius="3" target="0">
			<attribute key="areaEffect" value="redshimmer" />
		</attack>
	</attacks>
	<defenses armor="12" defense="13" />
	<immunities>
		<immunity energy="1" />
	</immunities>
	<summons maxSummons="2">
		<summon name="Hyena" interval="10500" chance="100" />
	</summons>
	<voices interval="5000" chance="10">
		<voice sentence="I will protect the secrets of my master!" />
		<voice sentence="This isle will become ours alone!" />
		<voice sentence="Kaplar!" />
	</voices>
	<loot>
		<item id="2050" chance="10000" /><!-- torch -->
		<item name="gold coin" countmax="20" chance="100000" />
		<item name="heavy magic missile rune" chance="2857" />
		<item name="the carrot of doom" countmax="5" chance="20000" />
		<item name="combat knife" chance="10000" />
		<item name="leather helmet" chance="8000" />
		<item name="leather legs" chance="8000" />
		<item id="2817" chance="10000" /><!-- dead snake -->
		<item name="worm" countmax="10" chance="50000" />
		<item name="minotaur leather" chance="100000" />
		<item name="taurus mace" chance="1000" />
	</loot>
</monster>
