<?xml version="1.0" encoding="UTF-8"?>
<monster name="Askarak Demon" nameDescription="an askarak demon" race="venom" experience="900" speed="220">
	<health now="1500" max="1500" />
	<look type="420" corpse="13815" />
	<targetchange interval="4000" chance="10" />
	<flags>
		<flag summonable="0" />
		<flag attackable="1" />
		<flag hostile="1" />
		<flag illusionable="0" />
		<flag convinceable="0" />
		<flag pushable="0" />
		<flag canpushitems="1" />
		<flag canpushcreatures="1" />
		<flag targetdistance="1" />
		<flag staticattack="80" />
		<flag runonhealth="0" />
		<flag canwalkonfire="0" />
	</flags>
	<attacks>
		<attack name="melee" interval="2000" min="0" max="-143" />
		<attack name="earth" interval="2000" chance="20" range="7" radius="6" target="0" min="-20" max="-60">
			<attribute key="shootEffect" value="poison" />
			<attribute key="areaEffect" value="greenbubble" />
		</attack>
		<attack name="earth" interval="2000" chance="15" target="0" length="4" spread="3" min="-75" max="-140">
			<attribute key="areaEffect" value="greenbubble" />
		</attack>
		<attack name="earth" interval="2000" chance="10" target="0" length="4" spread="0" min="-130" max="-170">
			<attribute key="areaEffect" value="greenbubble" />
		</attack>
		<attack name="speed" interval="2000" chance="10" radius="1" target="1" speedchange="-600" duration="15000">
			<attribute key="areaEffect" value="redshimmer" />
		</attack>
	</attacks>
	<defenses armor="15" defense="15" />
	<elements>
		<element energyPercent="50" />
		<element icePercent="50" />
		<element firePercent="-30" />
	</elements>
	<immunities>
		<immunity earth="1" />
		<immunity paralyze="1" />
		<immunity invisible="1" />
	</immunities>
	<voices interval="5000" chance="10">
		<voice sentence="POWER TO THE ASKARAK!" />
		<voice sentence="GREEN WILL RULE!" />
		<voice sentence="GREEN IS MEAN!" />
		<voice sentence="ONLY WE ARE TRUE DEMONS!" />
		<voice sentence="RED IS MAD" />
	</voices>
	<loot>
		<item name="piggy bank" chance="1052" />
		<item name="gold coin" countmax="100" chance="50000" />
		<item name="gold coin" countmax="100" chance="50000" />
		<item name="gold coin" countmax="35" chance="40000" />
		<item name="small emerald" countmax="4" chance="6250" />
		<item name="energy ring" chance="961" />
		<item name="brown mushroom" countmax="5" chance="3846" />
		<item name="magic sulphur" chance="102" />
		<item name="assassin star" countmax="5" chance="4761" />
		<item name="mastermind potion" chance="431" />
		<item name="strong health potion" chance="5263" />
		<item name="strong mana potion" chance="5263" />
		<item name="terra legs" chance="123" />
		<item name="springsprout rod" chance="512" />
	</loot>
</monster>
