<?xml version="1.0" encoding="UTF-8"?>
<monster name="Askarak Prince" nameDescription="an askarak prince" race="venom" experience="1700" speed="240">
	<health now="2600" max="2600" />
	<look type="419" corpse="13957" />
	<targetchange interval="4000" chance="10" />
	<flags>
		<flag summonable="0" />
		<flag attackable="1" />
		<flag hostile="1" />
		<flag illusionable="0" />
		<flag convinceable="0" />
		<flag pushable="0" />
		<flag canpushitems="1" />
		<flag canpushcreatures="1" />
		<flag targetdistance="1" />
		<flag staticattack="80" />
		<flag runonhealth="0" />
	</flags>
	<attacks>
		<attack name="melee" interval="2000" min="0" max="-353" />
		<attack name="earth" interval="2000" chance="20" range="7" radius="6" target="0" min="-70" max="-250">
			<attribute key="shootEffect" value="poison" />
			<attribute key="areaEffect" value="greenbubble" />
		</attack>
		<attack name="earth" interval="2000" chance="15" target="0" length="4" spread="3" min="-100" max="-200">
			<attribute key="areaEffect" value="greenbubble" />
		</attack>
		<attack name="speed" interval="2000" chance="15" radius="1" target="1" speedchange="-700" duration="15000">
			<attribute key="areaEffect" value="redshimmer" />
		</attack>
	</attacks>
	<defenses armor="30" defense="30" />
	<elements>
		<element energyPercent="50" />
		<element icePercent="50" />
		<element firePercent="-10" />
	</elements>
	<immunities>
		<immunity earth="1" />
		<immunity paralyze="1" />
		<immunity invisible="1" />
	</immunities>
	<voices interval="5000" chance="10">
		<voice sentence="DEATH TO THE SHABRUAK!" />
	</voices>
	<loot>
		<item name="gold coin" countmax="100" chance="50000" />
		<item name="gold coin" countmax="86" chance="50000" />
		<item name="small emerald" countmax="5" chance="12500" />
		<item name="platinum coin" countmax="4" chance="35333" />
		<item name="stealth ring" chance="4545" />
		<item name="giant sword" chance="320" />
		<item name="brown mushroom" countmax="5" chance="6666" />
		<item name="magic sulphur" chance="740" />
		<item name="mastermind potion" chance="1315" />
		<item name="strong health potion" chance="14285" />
		<item name="strong mana potion" chance="14285" />
		<item name="terra mantle" chance="840" />
		<item name="springsprout rod" chance="950" />
		<item name="demonic finger" chance="420" />
	</loot>
</monster>
