<?xml version="1.0" encoding="UTF-8"?>
<monster name="Bad Dream" nameDescription="a bad dream" race="blood" experience="0" speed="0">
	<health now="7200" max="7200" />
	<look typeex="22444" corpse="22497" />
	<targetchange interval="4000" chance="10" />
	<flags>
		<flag summonable="0" />
		<flag attackable="0" />
		<flag hostile="0" />
		<flag illusionable="0" />
		<flag convinceable="0" />
		<flag pushable="0" />
		<flag canpushitems="1" />
		<flag canpushcreatures="1" />
		<flag targetdistance="1" />
		<flag staticattack="90" />
		<flag runonhealth="0" />
		<flag canwalkonenergy="0" />
		<flag canwalkonfire="0" />
		<flag canwalkonpoison="0" />
	</flags>
	<immunities>
		<immunity physical="1" />
		<immunity energy="1" />
		<immunity fire="1" />
		<immunity earth="1" />
		<immunity drown="1" />
		<immunity ice="1" />
		<immunity holy="1" />
		<immunity death="1" />
		<immunity lifedrain="1" />
		<immunity manadrain="1" />
		<immunity paralyze="1" />
		<immunity drunk="1" />
		<immunity outfit="1" />
		<immunity invisible="1" />
	</immunities>
	<voices interval="5000" chance="10">
		<voice sentence="Ruu... mosha tak.." />
		<voice sentence="Kororr roshakk!" />
		<voice sentence="Grrrr!..." />
		<voice sentence="Brrzfchh" />
	</voices>
</monster>
