<?xml version="1.0" encoding="UTF-8"?>
<monster name="Bandit" nameDescription="a bandit" race="blood" experience="65" speed="180" manacost="450">
	<health now="245" max="245" />
	<look type="129" head="58" body="40" legs="24" feet="95" corpse="20331" />
	<targetchange interval="5000" chance="10" />
	<flags>
		<flag summonable="1" />
		<flag attackable="1" />
		<flag hostile="1" />
		<flag illusionable="1" />
		<flag convinceable="1" />
		<flag pushable="1" />
		<flag canpushitems="1" />
		<flag canpushcreatures="0" />
		<flag targetdistance="1" />
		<flag staticattack="90" />
		<flag runonhealth="25" />
		<flag canwalkonenergy="0" />
		<flag canwalkonfire="0" />
		<flag canwalkonpoison="0" />
	</flags>
	<attacks>
		<attack name="melee" interval="2000" min="0" max="-45" />
	</attacks>
	<defenses armor="11" defense="11" />
	<elements>
		<element physicalPercent="-10" />
		<element deathPercent="-5" />
	</elements>
	<voices interval="5000" chance="10">
		<voice sentence="Your money or your life!" />
		<voice sentence="Hand me your purse!" />
	</voices>
	<loot>
		<item name="gold coin" countmax="30" chance="49000" />
		<item name="axe" chance="29900" />
		<item name="brass shield" chance="16800" />
		<item name="leather legs" chance="15500" />
		<item name="mace" chance="10100" />
		<item name="tomato" countmax="2" chance="7630" />
		<item name="chain helmet" chance="5000" />
		<item name="brass armor" chance="2500" />
		<item name="iron helmet" chance="540" />
	</loot>
</monster>
