<?xml version="1.0" encoding="UTF-8"?>
<monster name="Barbarian Headsplitter" nameDescription="a barbarian headsplitter" race="blood" experience="85" speed="200" manacost="450">
	<health now="100" max="100" />
	<look type="253" head="115" body="86" legs="119" feet="113" corpse="20343" />
	<targetchange interval="60000" chance="0" />
	<flags>
		<flag summonable="0" />
		<flag attackable="1" />
		<flag hostile="1" />
		<flag illusionable="0" />
		<flag convinceable="1" />
		<flag pushable="0" />
		<flag canpushitems="1" />
		<flag staticattack="70" />
		<flag targetdistance="1" />
		<flag runonhealth="0" />
		<flag canwalkonenergy="0" />
		<flag canwalkonfire="0" />
		<flag canwalkonpoison="0" />
	</flags>
	<attacks>
		<attack name="melee" interval="2000" min="0" max="-50" />
		<attack name="physical" interval="2000" chance="15" range="7" radius="1" target="1" min="0" max="-60">
			<attribute key="shootEffect" value="whirlwindaxe" />
		</attack>
	</attacks>
	<defenses armor="15" defense="15" />
	<elements>
		<element icePercent="50" />
		<element holyPercent="10" />
		<element energyPercent="20" />
		<element earthPercent="-10" />
		<element deathPercent="-1" />
	</elements>
	<immunities>
		<immunity paralyze="1" />
		<immunity drunk="1" />
	</immunities>
	<voices interval="5000" chance="10">
		<voice sentence="I will regain my honor with your blood!" />
		<voice sentence="Surrender is not option!" />
		<voice sentence="Its you or me!" />
		<voice sentence="Die! Die! Die!" />
	</voices>
	<loot>
		<item id="2050" chance="61500" /><!-- torch -->
		<item name="gold coin" countmax="30" chance="60000" />
		<item name="life ring" chance="230" />
		<item name="skull of Ratha" chance="3270" />
		<item name="knife" chance="15500" />
		<item name="brass helmet" chance="20360" />
		<item name="viking helmet" chance="5080" />
		<item name="scale armor" chance="4090" />
		<item name="brown piece of cloth" chance="950" />
		<item name="fur boots" chance="100" />
		<item name="krimhorn helmet" chance="110" />
		<item name="health potion" chance="560" />
	</loot>
</monster>
