<?xml version="1.0" encoding="UTF-8"?>
<monster name="Blood Hand" nameDescription="a blood hand" race="blood" experience="750" speed="220">
	<health now="700" max="700" />
	<look type="552" corpse="21257" />
	<targetchange interval="4000" chance="10" />
	<flags>
		<flag summonable="0" />
		<flag attackable="1" />
		<flag hostile="1" />
		<flag illusionable="0" />
		<flag convinceable="0" />
		<flag pushable="0" />
		<flag canpushitems="1" />
		<flag canpushcreatures="1" />
		<flag targetdistance="1" />
		<flag staticattack="90" />
		<flag runonhealth="0" />
		<flag canwalkonenergy="0" />
		<flag canwalkonfire="0" />
	</flags>
	<attacks>
		<attack name="melee" interval="2000" min="0" max="-158" poison="80" />
		<attack name="lifedrain" interval="2000" chance="20" target="0" radius="4" min="-50" max="-100">
			<attribute key="areaEffect" value="redshimmer" />
		</attack>
		<attack name="speed" interval="2000" chance="10" target="1" radius="4" speedchange="-600" duration="15000">
			<attribute key="areaEffect" value="yellowspark" />
		</attack>
		<attack name="bleedcondition" interval="2000" chance="15" target="0" radius="6" min="-120" max="-160">
			<attribute key="areaEffect" value="blackspark" />
		</attack>
	</attacks>
	<defenses armor="25" defense="25">
		<defense name="healing" interval="2000" chance="20" min="70" max="90">
			<attribute key="areaEffect" value="blueshimmer" />
		</defense>
		<defense name="effect" interval="2000" chance="10" radius="1">
			<attribute key="areaEffect" value="insects" />
		</defense>
	</defenses>
	<elements>
		<element energyPercent="5" />
		<element icePercent="5" />
		<element deathPercent="5" />
		<element firePercent="-10" />
		<element holyPercent="-5" />
	</elements>
	<immunities>
		<immunity invisible="1" />
		<immunity earth="1" />
		<immunity drown="1" />
	</immunities>
	<voices interval="5000" chance="10">
		<voice sentence="Blood for the dark god!" />
		<voice sentence="Die, filth!" />
	</voices>
	<loot>
		<item name="gold coin" countmax="100" chance="50000" />
		<item name="gold coin" countmax="30" chance="50000" />
		<item name="necrotic rod" chance="3000" />
		<item name="boots of haste" chance="210" />
		<item name="skull staff" chance="130" />
		<item name="mystic turban" chance="790" />
		<item name="white piece of cloth" chance="840" />
		<item name="red piece of cloth" chance="500" />
		<item name="noble axe" chance="10" />
		<item name="strong mana potion" chance="5590" />
		<item name="spellbook of enlightenment" chance="790" />
		<item name="book of necromantic rituals" chance="9340" />
		<item name="rough red gem" chance="710" />
		<item name="lancet" chance="10680" />
		<item name="horoscope" chance="7950" />
		<item name="blood tincture in a vial" chance="15460" />
		<item name="incantation notes" chance="8820" />
		<item name="pieces of magic chalk" chance="6120" />
	</loot>
</monster>
