<?xml version="1.0" encoding="UTF-8"?>
<monster name="Boar" nameDescription="a boar" race="blood" experience="60" speed="260" manacost="465">
	<health now="198" max="198" />
	<look type="380" corpse="13308" />
	<targetchange interval="4000" chance="0" />
	<flags>
		<flag summonable="1" />
		<flag attackable="1" />
		<flag hostile="1" />
		<flag illusionable="1" />
		<flag convinceable="1" />
		<flag pushable="0" />
		<flag canpushitems="1" />
		<flag canpushcreatures="0" />
		<flag targetdistance="1" />
		<flag staticattack="90" />
		<flag runonhealth="30" />
		<flag canwalkonenergy="0" />
		<flag canwalkonfire="0" />
		<flag canwalkonpoison="0" />
	</flags>
	<attacks>
		<attack name="melee" interval="2000" min="0" max="-50" />
	</attacks>
	<defenses armor="35" defense="35" />
	<voices interval="5000" chance="10">
		<voice sentence="Grunt Grunt" />
		<voice sentence="Grunt" />
	</voices>
	<loot>
		<item name="gold coin" countmax="20" chance="25000" />
		<item name="haunch of boar" countmax="2" chance="20000" />
	</loot>
</monster>
