<?xml version="1.0" encoding="UTF-8"?>
<monster name="Calamary" nameDescription="a calamary" race="undead" experience="0" speed="160">
	<health now="75" max="75" />
	<look type="451" corpse="15280" />
	<targetchange interval="4000" chance="8" />
	<flags>
		<flag summonable="0" />
		<flag attackable="1" />
		<flag hostile="0" />
		<flag illusionable="0" />
		<flag convinceable="0" />
		<flag pushable="1" />
		<flag canpushitems="1" />
		<flag canpushcreatures="1" />
		<flag targetdistance="1" />
		<flag runonhealth="75" />
		<flag canwalkonenergy="0" />
	</flags>
	<elements>
		<element energyPercent="-5" />
		<element physicalPercent="-5" />
	</elements>
	<immunities>
		<immunity ice="1" />
		<immunity paralyze="1" />
		<immunity drown="1" />
		<immunity fire="1" />
	</immunities>
	<voices interval="5000" chance="10">
		<voice sentence="Bubble!" />
		<voice sentence="Bobble!" />
	</voices>
	<loot>
		<item name="shrimp" countmax="2" chance="12270" />
	</loot>
</monster>
