<?xml version="1.0" encoding="UTF-8"?>
<monster name="Carniphila" nameDescription="a carniphila" race="venom" experience="150" speed="110">
	<health now="255" max="255" />
	<look type="120" corpse="6047" />
	<targetchange interval="4000" chance="10" />
	<flags>
		<flag summonable="0" />
		<flag attackable="1" />
		<flag hostile="1" />
		<flag illusionable="0" />
		<flag convinceable="0" />
		<flag pushable="0" />
		<flag canpushitems="1" />
		<flag canpushcreatures="1" />
		<flag targetdistance="1" />
		<flag staticattack="90" />
		<flag runonhealth="0" />
		<flag canwalkonenergy="0" />
		<flag canwalkonfire="0" />
	</flags>
	<attacks>
		<attack name="melee" interval="2000" min="0" max="-100" poison="100" />
		<attack name="earth" interval="2000" chance="15" range="7" min="-60" max="-95">
			<attribute key="shootEffect" value="poison" />
			<attribute key="areaEffect" value="greenbubble" />
		</attack>
		<attack name="speed" interval="2000" chance="15" range="7" speedchange="-800" duration="30000">
			<attribute key="shootEffect" value="poison" />
			<attribute key="areaEffect" value="greenbubble" />
		</attack>
		<attack name="earth" interval="2000" chance="10" radius="3" target="0" min="-40" max="-130">
			<attribute key="areaEffect" value="poison" />
		</attack>
	</attacks>
	<defenses armor="22" defense="22" />
	<elements>
		<element energyPercent="10" />
		<element icePercent="20" />
		<element firePercent="-20" />
	</elements>
	<immunities>
		<immunity earth="1" />
		<immunity invisible="1" />
	</immunities>
	<loot>
		<item name="gold coin" countmax="40" chance="87000" />
		<item name="dark mushroom" chance="8000" />
		<item name="carniphila seeds" chance="4000" />
		<item name="shadow herb" chance="1000" />
		<item name="corncob" chance="1000" />
		<item name="sling herb" countmax="2" chance="500" />
		<item name="seeds" chance="500" />
		<item name="carrot on a stick" chance="150" />
	</loot>
</monster>
