<?xml version="1.0" encoding="UTF-8"?>
<monster name="Damaged Crystal Golem" nameDescription="a damaged crystal golem" race="energy" experience="0" speed="180">
	<health now="500" max="500" />
	<look type="508" corpse="18466" />
	<targetchange interval="4000" chance="10" />
	<flags>
		<flag summonable="0" />
		<flag attackable="1" />
		<flag hostile="1" />
		<flag illusionable="0" />
		<flag convinceable="0" />
		<flag pushable="0" />
		<flag canpushitems="1" />
		<flag canpushcreatures="1" />
		<flag targetdistance="1" />
		<flag staticattack="90" />
		<flag runonhealth="500" />
	</flags>
</monster>
