<?xml version="1.0" encoding="UTF-8"?>
<monster name="Dark Magician" nameDescription="a dark magician" race="blood" experience="185" speed="210">
	<health now="325" max="325" />
	<look type="133" head="58" body="95" legs="51" feet="131" addons="2" corpse="20367" />
	<targetchange interval="4000" chance="10" />
	<flags>
		<flag summonable="0" />
		<flag attackable="1" />
		<flag hostile="1" />
		<flag illusionable="0" />
		<flag convinceable="0" />
		<flag pushable="0" />
		<flag canpushitems="1" />
		<flag canpushcreatures="1" />
		<flag targetdistance="4" />
		<flag staticattack="90" />
		<flag runonhealth="0" />
		<flag canwalkonenergy="0" />
		<flag canwalkonfire="0" />
		<flag canwalkonpoison="0" />
	</flags>
	<attacks>
		<attack name="melee" interval="2000" min="0" max="-40" />
		<attack name="fire" interval="2000" chance="20" range="7" min="-5" max="-40">
			<attribute key="shootEffect" value="fire" />
		</attack>
		<attack name="energy" interval="2000" chance="15" range="7" min="-20" max="-30">
			<attribute key="shootEffect" value="energy" />
		</attack>
	</attacks>
	<defenses armor="15" defense="15">
		<defense name="healing" interval="2000" chance="20" min="60" max="80">
			<attribute key="areaEffect" value="greenshimmer" />
		</defense>
		<defense name="invisible" interval="2000" chance="10" duration="5000">
			<attribute key="areaEffect" value="blueshimmer" />
		</defense>
	</defenses>
	<elements>
		<element firePercent="10" />
		<element earthPercent="20" />
		<element energyPercent="20" />
		<element icePercent="10" />
		<element holyPercent="20" />
		<element deathPercent="-5" />
	</elements>
	<immunities>
		<immunity invisible="1" />
	</immunities>
	<voices interval="5000" chance="10">
		<voice sentence="Feel the power of my runes!" />
		<voice sentence="Killing you is getting expensive!" />
		<voice sentence="My secrets are mine alone!" />
		<voice sentence="Stand Still!" />
	</voices>
	<loot>
		<item name="gold coin" countmax="55" chance="75100" />
		<item name="wand of decay" chance="280" />
		<item name="blank rune" chance="10000" />
		<item name="strong health potion" chance="3000" />
		<item name="strong mana potion" chance="2860" />
		<item name="health potion" chance="12000" />
		<item name="mana potion" chance="11900" />
		<item name="small enchanted emerald" chance="510" />
		<item name="reins" chance="20" />
	</loot>
</monster>
