<?xml version="1.0" encoding="UTF-8"?>
<monster name="Death Blob" nameDescription="a death blob" race="undead" experience="300" speed="180">
	<health now="320" max="320" />
	<look type="315" corpse="9960" />
	<targetchange interval="5000" chance="0" />
	<flags>
		<flag summonable="0" />
		<flag attackable="1" />
		<flag hostile="1" />
		<flag illusionable="0" />
		<flag convinceable="0" />
		<flag pushable="0" />
		<flag canpushitems="1" />
		<flag canpushcreatures="0" />
		<flag targetdistance="1" />
		<flag staticattack="85" />
		<flag runonhealth="0" />
		<flag canwalkonenergy="0" />
		<flag canwalkonfire="0" />
	</flags>
	<attacks>
		<attack name="melee" interval="2000" min="0" max="-100" />
		<attack name="physical" interval="2000" chance="25" range="3" radius="4" target="0" min="-35" max="-60">
			<attribute key="areaEffect" value="poff" />
		</attack>
		<attack name="death blob curse" interval="2000" range="5" chance="5" />
	</attacks>
	<defenses armor="15" defense="15">
		<defense name="healing" interval="2000" chance="5" min="20" max="30">
			<attribute key="areaEffect" value="blueshimmer" />
		</defense>
	</defenses>
	<elements>
		<element physicalPercent="30" />
		<element icePercent="10" />
		<element firePercent="-10" />
		<element holyPercent="-10" />
		<element energyPercent="-10" />
	</elements>
	<immunities>
		<immunity death="1" />
		<immunity earth="1" />
	</immunities>
	<summons maxSummons="3">
		<summon name="Death Blob" interval="2000" chance="10" />
	</summons>
	<loot>
		<item name="glob of tar" chance="14285" />
	</loot>
</monster>
