<?xml version="1.0" encoding="UTF-8"?>
<monster name="Deepling Master Librarian" nameDescription="a deepling master librarian" race="blood" experience="1900" speed="190">
	<health now="1700" max="1700" />
	<look type="443" corpse="15211" />
	<targetchange interval="4000" chance="10" />
	<flags>
		<flag summonable="0" />
		<flag attackable="1" />
		<flag hostile="1" />
		<flag illusionable="0" />
		<flag convinceable="0" />
		<flag pushable="1" />
		<flag canpushitems="1" />
		<flag canpushcreatures="1" />
		<flag targetdistance="1" />
		<flag staticattack="60" />
		<flag runonhealth="250" />
		<flag canwalkonenergy="0" />
		<flag canwalkonpoison="0" />
		</flags>
	<attacks>
		<attack name="melee" interval="2000" min="0" max="-210" />
		<attack name="ice" interval="2000" chance="10" length="10" spread="3" min="-260" max="-450">
			<attribute key="areaEffect" value="icetornado" />
		</attack>
		<attack name="drown" interval="2000" chance="20" target="1" radius="4" min="-150" max="-280">
			<attribute key="areaEffect" value="bubbles" />
		</attack>
		<attack name="lifedrain" interval="2000" chance="15" range="7" min="-80" max="-140">
			<attribute key="areaEffect" value="smallplants" />
		</attack>
		<attack name="manadrain" interval="2000" chance="10" range="7" min="-60" max="-140">
			<attribute key="areaEffect" value="smallplants" />
		</attack>
		<attack name="deepling spellsinger skill reducer" range="5" interval="2000" chance="10" />
	</attacks>
	<defenses armor="20" defense="20">
		<defense name="healing" interval="2000" chance="15" min="40" max="80">
			<attribute key="areaEffect" value="blueshimmer" />
		</defense>
	</defenses>
	<immunities>
		<immunity invisible="1" />
		<immunity ice="1" />
		<immunity fire="1" />
	</immunities>
	<voices interval="5000" chance="10">
		<voice sentence="Mmmmmoooaaaaaahaaa!!!" />
	</voices>
	<loot>
		<item name="small sapphire" countmax="3" chance="8440" />
		<item name="gold coin" countmax="100" chance="100000" />
		<item name="platinum coin" countmax="3" chance="90000" />
		<item name="life ring" chance="3200" />
		<item id="2667" countmax="2" chance="9090" /><!-- fish -->
		<item name="fish fin" chance="1950" />
		<item name="eye of a deepling" chance="9380" />
		<item name="deepling staff" chance="3130" />
		<item name="necklace of the deep" chance="1330" />
		<item name="spellsinger's seal" chance="25000" />
		<item name="key to the Drowned Library" chance="20000" />
		<item name="deepling filet" chance="20000" />
		<item name="ornate crossbow" chance="39" />
	</loot>
</monster>
