<?xml version="1.0" encoding="UTF-8"?>
<monster name="Demon Skeleton" nameDescription="a demon skeleton" race="undead" experience="240" speed="180" manacost="620">
	<health now="400" max="400" />
	<look type="37" corpse="5963" />
	<targetchange interval="4000" chance="10" />
	<flags>
		<flag summonable="1" />
		<flag attackable="1" />
		<flag hostile="1" />
		<flag illusionable="1" />
		<flag convinceable="1" />
		<flag pushable="0" />
		<flag canpushitems="1" />
		<flag canpushcreatures="1" />
		<flag targetdistance="1" />
		<flag staticattack="90" />
		<flag runonhealth="0" />
		<flag canwalkonenergy="0" />
	</flags>
	<attacks>
		<attack name="melee" interval="2000" min="0" max="-185" />
		<attack name="death" interval="2000" chance="10" radius="1" target="1" range="1" min="-30" max="-50">
			<attribute key="areaEffect" value="smallclouds" />
		</attack>
	</attacks>
	<defenses armor="25" defense="25" />
	<elements>
		<element holyPercent="-25" />
	</elements>
	<immunities>
		<immunity paralyze="1" />
		<immunity death="1" />
		<immunity fire="1" />
		<immunity earth="1" />
		<immunity drown="1" />
		<immunity lifedrain="1" />
		<immunity drunk="1" />
	</immunities>
	<loot>
		<item name="gold coin" countmax="75" chance="97000" />
		<item name="demonic skeletal hand" chance="12600" />
		<item name="throwing star" countmax="3" chance="10000" />
		<item name="health potion" countmax="2" chance="9700" />
		<item name="mana potion" chance="5000" />
		<item name="battle shield" chance="5000" />
		<item id="2050" chance="4800" /><!-- torch -->
		<item name="battle hammer" chance="4000" />
		<item name="iron helmet" chance="3450" />
		<item name="black pearl" chance="2900" />
		<item name="small ruby" chance="1500" />
		<item name="mysterious fetish" chance="530" />
		<item name="mind stone" chance="470" />
		<item name="guardian shield" chance="110" />
	</loot>
</monster>
