<?xml version="1.0" encoding="UTF-8"?>
<monster name="Demon" nameDescription="a demon" race="fire" experience="6000" speed="256">
	<health now="8200" max="8200" />
	<look type="35" corpse="5995" />
	<targetchange interval="4000" chance="20" />
	<flags>
		<flag summonable="0" />
		<flag attackable="1" />
		<flag hostile="1" />
		<flag illusionable="0" />
		<flag convinceable="0" />
		<flag pushable="0" />
		<flag canpushitems="1" />
		<flag canpushcreatures="1" />
		<flag targetdistance="1" />
		<flag staticattack="70" />
		<flag runonhealth="0" />
	</flags>
	<attacks>
		<attack name="melee" interval="2000" min="0" max="-500" />
		<attack name="manadrain" interval="2000" chance="10" range="7" min="-30" max="-120" />
		<attack name="fire" interval="2000" chance="20" range="7" radius="7" target="0" min="-150" max="-250">
			<attribute key="shootEffect" value="fire" />
			<attribute key="areaEffect" value="firearea" />
		</attack>
		<attack name="firefield" interval="2000" chance="10" range="7" radius="1" target="1">
			<attribute key="shootEffect" value="fire" />
		</attack>
		<attack name="lifedrain" interval="2000" chance="10" length="8" spread="0" min="-300" max="-480">
			<attribute key="areaEffect" value="purpleenergy" />
		</attack>
		<attack name="energy" interval="2000" chance="10" range="1" min="-210" max="-300">
			<attribute key="shootEffect" value="energy" />
		</attack>
		<attack name="speed" interval="2000" chance="15" range="7" radius="1" target="1" speedchange="-700" duration="30000">
			<attribute key="areaEffect" value="redshimmer" />
		</attack>
	</attacks>
	<defenses armor="44" defense="44">
		<defense name="healing" interval="2000" chance="15" min="80" max="250">
			<attribute key="areaEffect" value="blueshimmer" />
		</defense>
		<defense name="speed" interval="2000" chance="15" speedchange="320" duration="5000">
			<attribute key="areaEffect" value="redshimmer" />
		</defense>
	</defenses>
	<elements>
		<element physicalPercent="25" />
		<element deathPercent="20" />
		<element energyPercent="50" />
		<element earthPercent="40" />
		<element icePercent="-12" />
		<element holyPercent="-12" />
	</elements>
	<immunities>
		<immunity fire="1" />
		<immunity drown="1" />
		<immunity lifedrain="1" />
		<immunity paralyze="1" />
		<immunity invisible="1" />
	</immunities>
	<summons maxSummons="1">
		<summon name="fire elemental" interval="2000" chance="10" />
	</summons>
	<voices interval="5000" chance="10">
		<voice sentence="Your soul will be mine!" yell="1" />
		<voice sentence="MUHAHAHAHA!" yell="1" />
		<voice sentence="CHAMEK ATH UTHUL ARAK!" yell="1" />
		<voice sentence="I SMELL FEEEEAAAAAR!" yell="1" />
		<voice sentence="Your resistance is futile!" />
	</voices>
	<loot>
		<item name="gold coin" countmax="100" chance="50000" />
		<item name="gold coin" countmax="100" chance="50000" />
		<item name="platinum coin" countmax="8" chance="100000" />
		<item name="great mana potion" countmax="3" chance="25000" />
		<item name="great spirit potion" countmax="3" chance="25000" />
		<item name="demon horn" chance="20000" />
		<item name="demonic essence" chance="20000" />
		<item name="ultimate health potion" countmax="3" chance="20000" />
		<item name="fire mushroom" countmax="6" chance="20000" />
		<item name="assassin star" countmax="10" chance="15263" />
		<item name="small topaz" countmax="5" chance="10000" />
		<item name="small ruby" countmax="5" chance="10000" />
		<item name="small emerald" countmax="5" chance="10000" />
		<item name="small amethyst" countmax="5" chance="10000" />
		<item name="fire axe" chance="4000" />
		<item name="talon" chance="3571" />
		<item name="orb" chance="2900" />
		<item name="red gem" chance="2900" />
		<item name="ring of healing" chance="2600" />
		<item name="might ring" chance="2500" />
		<item name="stealth ring" chance="2300" />
		<item name="giant sword" chance="2000" />
		<item name="ice rapier" chance="1800" />
		<item name="golden sickle" chance="1428" />
		<item name="purple tome" chance="1190" />
		<item name="devil helmet" chance="1204" />
		<item name="gold ring" chance="1010" />
		<item name="demon shield" chance="750" />
		<item name="platinum amulet" chance="710" />
		<item name="mastermind shield" chance="470" />
		<item name="golden legs" chance="400" />
		<item id="7393" chance="100" /><!-- demon trophy -->
		<item name="magic plate armor" chance="80" />
		<item name="demonrage sword" chance="60" />
	</loot>
</monster>
