<?xml version="1.0" encoding="UTF-8"?>
<monster name="Dipthrah" nameDescription="Dipthrah" race="undead" experience="2900" speed="320">
	<health now="4200" max="4200" />
	<look type="87" corpse="6031" />
	<targetchange interval="5000" chance="8" />
	<flags>
		<flag summonable="0" />
		<flag attackable="1" />
		<flag hostile="1" />
		<flag illusionable="0" />
		<flag convinceable="0" />
		<flag pushable="0" />
		<flag canpushitems="1" />
		<flag canpushcreatures="1" />
		<flag targetdistance="1" />
		<flag staticattack="90" />
		<flag runonhealth="0" />
		<flag canwalkonenergy="0" />
		<flag canwalkonfire="0" />
		<flag canwalkonpoison="0" />
	</flags>
	<attacks>
		<attack name="melee" interval="2000" min="0" max="-200" poison="65" />
		<attack name="lifedrain" interval="4000" chance="20" range="1" min="-100" max="-800" />
		<attack name="manadrain" interval="2000" chance="15" range="7" min="-100" max="-500">
			<attribute key="areaEffect" value="redshimmer" />
		</attack>
		<attack name="speed" interval="1000" chance="15" range="7" speedchange="-650" duration="50000">
			<attribute key="areaEffect" value="redshimmer" />
		</attack>
		<attack name="drunk" interval="1000" chance="12" radius="7" target="0">
			<attribute key="areaEffect" value="bluebubble" />
		</attack>
		<attack name="melee" interval="3000" chance="34" radius="3" target="0" min="-50" max="-600">
			<attribute key="areaEffect" value="bluebubble" />
		</attack>
		<attack name="dipthrah skill reducer" interval="2000" chance="10" />
	</attacks>
	<defenses armor="25" defense="25">
		<defense name="healing" interval="1000" chance="25" min="100" max="200">
			<attribute key="areaEffect" value="blueshimmer" />
		</defense>
	</defenses>
	<elements>
		<element holyPercent="-10" />
		<element energyPercent="20" />
		<element earthPercent="20" />
	</elements>
	<immunities>
		<immunity physical="1" />
		<immunity death="1" />
		<immunity invisible="1" />
	</immunities>
	<summons maxSummons="4">
		<summon name="Priestess" interval="2000" chance="15" />
	</summons>
	<voices interval="5000" chance="10">
		<voice sentence="Come closer to learn the final lesson." />
		<voice sentence="You can't escape death forever." />
		<voice sentence="Undeath will shatter my shackles." />
		<voice sentence="You don't need this magic anymore." />
	</voices>
	<loot>
		<item name="ornamented ankh" chance="100000" />
		<item name="gold coin" countmax="100" chance="30000" />
		<item name="gold coin" countmax="100" chance="30000" />
		<item name="gold coin" countmax="26" chance="30000" />
		<item name="small sapphire" countmax="3" chance="9800" />
		<item name="great mana potion" chance="8900" />
		<item name="energy ring" chance="4800" />
		<item name="mind stone" chance="1000" />
		<item name="blue gem" chance="900" />
		<item name="ankh" chance="600" />
		<item name="skull staff" chance="560" />
		<item name="pharaoh sword" chance="90" />
		<item name="mini mummy" chance="90" />
	</loot>
</monster>
