<?xml version="1.0" encoding="UTF-8"?>
<monster name="Dragon Hatchling" nameDescription="a dragon hatchling" race="blood" experience="185" speed="170">
	<health now="380" max="380" />
	<look type="271" corpse="7621" />
	<targetchange interval="4000" chance="10" />
	<flags>
		<flag summonable="0" />
		<flag attackable="1" />
		<flag hostile="1" />
		<flag illusionable="1" />
		<flag convinceable="0" />
		<flag pushable="0" />
		<flag canpushitems="1" />
		<flag canpushcreatures="1" />
		<flag targetdistance="1" />
		<flag runonhealth="20" />
		<flag staticattack="90" />
		<flag canwalkonenergy="0" />
		<flag canwalkonpoison="0" />
	</flags>
	<attacks>
		<attack name="melee" interval="2000" min="0" max="-55" />
		<attack name="fire" interval="2000" chance="10" length="5" spread="2" min="-60" max="-90">
			<attribute key="areaEffect" value="firearea" />
		</attack>
		<attack name="fire" interval="2000" chance="15" range="7" radius="4" target="1" min="-30" max="-55">
			<attribute key="shootEffect" value="fire" />
			<attribute key="areaEffect" value="firearea" />
		</attack>
	</attacks>
	<defenses armor="10" defense="10">
		<defense name="healing" interval="2000" chance="15" min="8" max="33">
			<attribute key="areaEffect" value="blueshimmer" />
		</defense>
	</defenses>
	<elements>
		<element earthPercent="75" />
		<element icePercent="-10" />
		<element energyPercent="-5" />
	</elements>
	<immunities>
		<immunity paralyze="1" />
		<immunity invisible="1" />
		<immunity fire="1" />
	</immunities>
	<voices interval="5000" chance="10">
		<voice sentence="Fchu?" />
		<voice sentence="Rooawwrr" />
	</voices>
	<loot>
		<item name="gold coin" countmax="55" chance="67500" />
		<item name="dragon ham" chance="61000" />
		<item name="health potion" chance="400" />
		<item name="dragon's tail" chance="4300" />
	</loot>
</monster>
