<?xml version="1.0" encoding="UTF-8"?>
<monster name="Dwarf Geomancer" nameDescription="a dwarf geomancer" race="blood" experience="265" speed="200">
	<health now="380" max="380" />
	<look type="66" corpse="6015" />
	<targetchange interval="4000" chance="10" />
	<flags>
		<flag summonable="0" />
		<flag attackable="1" />
		<flag hostile="1" />
		<flag illusionable="1" />
		<flag convinceable="0" />
		<flag pushable="0" />
		<flag canpushitems="1" />
		<flag canpushcreatures="1" />
		<flag targetdistance="4" />
		<flag staticattack="70" />
		<flag runonhealth="150" />
		<flag canwalkonenergy="0" />
		<flag canwalkonpoison="0" />
	</flags>
	<attacks>
		<attack name="melee" interval="2000" min="0" max="-100" />
		<attack name="earth" interval="2000" chance="20" range="7" min="-50" max="-110">
			<attribute key="shootEffect" value="smallearth" />
			<attribute key="areaEffect" value="greenbubble" />
		</attack>
		<attack name="manadrain" interval="2000" chance="10" range="7" min="-25" max="-80" />
	</attacks>
	<defenses armor="15" defense="15">
		<defense name="healing" interval="2000" chance="40" min="25" max="130">
			<attribute key="areaEffect" value="blueshimmer" />
		</defense>
	</defenses>
	<elements>
		<element earthPercent="20" />
		<element firePercent="60" />
		<element energyPercent="10" />
		<element holyPercent="10" />
		<element icePercent="-5" />
		<element deathPercent="-10" />
	</elements>
	<immunities>
		<immunity invisible="1" />
	</immunities>
	<voices interval="5000" chance="10">
		<voice sentence="Hail Durin!" />
		<voice sentence="Earth is the strongest element." />
		<voice sentence="Dust to dust." />
	</voices>
	<loot>
		<item name="gold coin" countmax="45" chance="75000" />
		<item name="white mushroom" countmax="2" chance="60000" />
		<item name="blank rune" chance="33000" />
		<item name="pear" chance="24000" />
		<item id="2162" chance="14000" /><!-- magic lightwand -->
		<item name="geomancer's robe" chance="8000" />
		<item name="geomancer's staff" chance="7000" />
		<item name="clerical mace" chance="1120" />
		<item name="dwarven ring" chance="580" />
		<item name="small sapphire" chance="580" />
		<item id="2175" chance="500" /><!-- spellbook -->
		<item name="terra boots" chance="500" />
		<item name="iron ore" chance="290" />
	</loot>
</monster>
