<?xml version="1.0" encoding="UTF-8"?>
<monster name="Dwarf Henchman" nameDescription="a dwarf henchman" race="blood" experience="15" speed="210">
	<health now="350" max="350" />
	<look type="160" head="115" body="77" legs="93" feet="114" corpse="6007" />
	<flags>
		<flag summonable="0" />
		<flag attackable="1" />
		<flag hostile="1" />
		<flag illusionable="0" />
		<flag convinceable="0" />
		<flag pushable="1" />
		<flag canpushitems="0" />
		<flag canpushcreatures="0" />
		<flag targetdistance="1" />
		<flag staticattack="90" />
		<flag runonhealth="0" />
	</flags>
	<attacks>
		<attack name="melee" interval="2000" min="0" max="-50" poison="20" />
		<attack name="drowncondition" interval="2000" chance="20" target="1" />
	</attacks>
	<defenses armor="16" defense="16" />
	<immunities>
		<immunity invisible="1" />
	</immunities>
	<voices interval="5000" chance="10">
		<voice sentence="This place is for our eyes only!" />
		<voice sentence="We will live and let you die!" />
		<voice sentence="I will die another day!" />
		<voice sentence="We have license to kill!" />
	</voices>
</monster>
