<?xml version="1.0" encoding="UTF-8"?>
<monster name="Dwarf Soldier" nameDescription="a dwarf soldier" race="blood" experience="70" speed="176" manacost="360">
	<health now="135" max="135" />
	<look type="71" corpse="6014" />
	<targetchange interval="4000" chance="10" />
	<flags>
		<flag summonable="1" />
		<flag attackable="1" />
		<flag hostile="1" />
		<flag illusionable="1" />
		<flag convinceable="1" />
		<flag pushable="0" />
		<flag canpushitems="1" />
		<flag canpushcreatures="0" />
		<flag targetdistance="1" />
		<flag staticattack="90" />
		<flag runonhealth="0" />
		<flag canwalkonenergy="0" />
		<flag canwalkonfire="0" />
		<flag canwalkonpoison="0" />
	</flags>
	<attacks>
		<attack name="melee" interval="2000" min="0" max="-70" />
		<attack name="physical" interval="2000" chance="10" range="7" min="0" max="-60">
			<attribute key="shootEffect" value="bolt" />
		</attack>
	</attacks>
	<defenses armor="9" defense="9" />
	<elements>
		<element earthPercent="10" />
		<element firePercent="-5" />
		<element deathPercent="-5" />
	</elements>
	<voices interval="5000" chance="10">
		<voice sentence="Hail Durin!" />
	</voices>
	<loot>
		<item name="white mushroom" countmax="2" chance="40000" />
		<item name="bolt" countmax="7" chance="38000" />
		<item name="gold coin" countmax="12" chance="28000" />
		<item name="soldier helmet" chance="12000" />
		<item id="2554" chance="10000" /><!-- shovel -->
		<item name="chain armor" chance="8000" />
		<item name="piercing bolt" countmax="3" chance="4000" />
		<item name="dwarven shield" chance="3000" />
		<item name="crossbow" chance="3000" />
		<item name="battle axe" chance="2500" />
		<item name="iron ore" chance="300" />
		<item name="axe ring" chance="120" />
	</loot>
</monster>
