<?xml version="1.0" encoding="UTF-8"?>
<monster name="Dworc Venomsniper" namedescription="a dworc venomsniper" race="blood" experience="35" speed="152">
	<health now="80" max="80" />
	<look type="216" corpse="6059" />
	<targetchange interval="4000" chance="0" />
	<flags>
		<flag summonable="0" />
		<flag attackable="1" />
		<flag hostile="1" />
		<flag illusionable="1" />
		<flag convinceable="0" />
		<flag pushable="1" />
		<flag canpushitems="0" />
		<flag canpushcreatures="0" />
		<flag targetdistance="4" />
		<flag staticattack="90" />
		<flag runonhealth="15" />
		<flag canwalkonenergy="0" />
		<flag canwalkonfire="0" />
	</flags>
	<attacks>
		<attack name="melee" interval="2000" min="0" max="-15" />
		<attack name="poisoncondition" interval="2000" chance="15" range="5" min="-20" max="-40">
			<attribute key="shooteffect" value="poison" />
		</attack>
	</attacks>
	<defenses armor="3" defense="3" />
	<elements>
		<element holyPercent="15" />
		<element firePercent="-13" />
		<element deathPercent="-8" />
		<element icePercent="-13" />
	</elements>
	<immunities>
		<immunity earth="1" />
	</immunities>
	<voices interval="5000" chance="10">
		<voice sentence="Brak brrretz!" />
		<voice sentence="Grow truk grrrrr." />
		<voice sentence="Prek tars, dekklep zurk." />
	</voices>
	<loot>
		<item name="gold coin" countmax="13" chance="75000" />
		<item name="leather armor" chance="10000" />
		<item name="throwing knife" countmax="2" chance="8000" />
		<item id="2050" chance="5400" /><!-- torch -->
		<item name="poison arrow" countmax="3" chance="5000" />
		<item name="poison dagger" chance="1500" />
		<item id="2229" countmax="2" chance="1000" /><!-- skull -->
		<item name="tribal mask" chance="510" />
		<item name="seeds" chance="200" />
		<item name="bast skirt" chance="100" />
		<item name="bronze amulet" chance="100" />
	</loot>
</monster>
