<?xml version="1.0" encoding="UTF-8"?>
<monster name="Dworc Fleshhunter" nameDescription="a dworc fleshhunter" race="blood" experience="40" speed="148">
	<health now="85" max="85" />
	<look type="215" corpse="6058" />
	<targetchange interval="4000" chance="0" />
	<flags>
		<flag summonable="0" />
		<flag attackable="1" />
		<flag hostile="1" />
		<flag illusionable="1" />
		<flag convinceable="0" />
		<flag pushable="1" />
		<flag canpushitems="0" />
		<flag canpushcreatures="0" />
		<flag targetdistance="1" />
		<flag staticattack="90" />
		<flag runonhealth="8" />
		<flag canwalkonenergy="0" />
		<flag canwalkonfire="0" />
	</flags>
	<attacks>
		<attack name="melee" interval="2000" min="0" max="-25" poison="20" />
		<attack name="physical" interval="2000" chance="10" range="7" min="0" max="-15">
			<attribute key="shootEffect" value="throwingknife" />
		</attack>
	</attacks>
	<defenses armor="3" defense="3" />
	<elements>
		<element deathPercent="-13" />
		<element firePercent="-8" />
		<element icePercent="-10" />
	</elements>
	<immunities>
		<immunity earth="1" />
	</immunities>
	<voices interval="5000" chance="10">
		<voice sentence="Grak brrretz!" />
		<voice sentence="Grow truk grrrrr." />
		<voice sentence="Prek tars, dekklep zurk." />
	</voices>
	<loot>
		<item name="gold coin" countmax="13" chance="75000" />
		<item name="leather armor" chance="10000" />
		<item name="cleaver" chance="9000" />
		<item id="2050" chance="5500" /><!-- torch -->
		<item id="2229" countmax="3" chance="3300" /><!-- skull -->
		<item name="poison dagger" chance="2250" />
		<item name="hunting spear" chance="2000" />
		<item name="bone shield" chance="1000" />
		<item name="tribal mask" chance="500" />
		<item name="ripper lance" chance="100" />
	</loot>
</monster>
