<?xml version="1.0" encoding="UTF-8"?>
<monster name="Elder Bonelord" nameDescription="an elder bonelord" race="blood" experience="280" speed="170">
	<health now="500" max="500" />
	<look type="108" corpse="6037" />
	<targetchange interval="4000" chance="10" />
	<flags>
		<flag summonable="0" />
		<flag attackable="1" />
		<flag hostile="1" />
		<flag illusionable="1" />
		<flag convinceable="0" />
		<flag pushable="0" />
		<flag canpushitems="1" />
		<flag canpushcreatures="0" />
		<flag targetdistance="4" />
		<flag staticattack="90" />
		<flag runonhealth="0" />
		<flag canwalkonenergy="0" />
		<flag canwalkonfire="0" />
	</flags>
	<attacks>
		<attack name="melee" interval="2000" min="0" max="-55" />
		<attack name="energy" interval="2000" chance="5" range="7" min="-45" max="-60">
			<attribute key="shootEffect" value="energy" />
		</attack>
		<attack name="fire" interval="2000" chance="5" range="7" min="-40" max="-80">
			<attribute key="shootEffect" value="fire" />
		</attack>
		<attack name="death" interval="2000" chance="10" range="7" min="-45" max="-90">
			<attribute key="shootEffect" value="suddendeath" />
			<attribute key="areaEffect" value="mortarea" />
			<attribute key="areaEffect" value="smallclouds" />
		</attack>
		<attack name="earth" interval="2000" chance="10" range="7" min="-20" max="-40">
			<attribute key="shootEffect" value="poison" />
		</attack>
		<attack name="lifedrain" interval="2000" chance="5" range="7" min="-45" max="-85">
			<attribute key="areaEffect" value="redshimmer" />
		</attack>
		<attack name="manadrain" interval="2000" chance="5" range="7" min="0" max="-40" />
		<attack name="speed" interval="2000" chance="10" range="7" speedchange="-600" duration="20000">
			<attribute key="areaEffect" value="redshimmer" />
		</attack>
	</attacks>
	<defenses armor="13" defense="13" />
	<elements>
		<element energyPercent="20" />
		<element icePercent="30" />
		<element deathPercent="30" />
		<element firePercent="-10" />
	</elements>
	<immunities>
		<immunity earth="1" />
		<immunity lifedrain="1" />
		<immunity invisible="1" />
	</immunities>
	<summons maxSummons="6">
		<summon name="Gazer" interval="2000" chance="10" />
		<summon name="Crypt Shambler" interval="2000" chance="15" />
	</summons>
	<voices interval="5000" chance="10">
		<voice sentence="Let me take a look at you!" />
		<voice sentence="Inferior creatures, bow before my power!" />
		<voice sentence="659978 54764!" />
		<voice sentence="653768764!" />
	</voices>
	<loot>
		<item name="gold coin" countmax="90" chance="99000" />
		<item name="elder bonelord tentacle" chance="20000" />
		<item name="small flask of eyedrops" chance="9700" />
		<item name="sniper arrow" countmax="4" chance="8700" />
		<item name="two handed sword" chance="3000" />
		<item name="steel shield" chance="2000" />
		<item name="bonelord eye" chance="2000" />
		<item id="2175" chance="1000" /><!-- spellbook -->
		<item name="strong mana potion" chance="830" />
		<item name="giant eye" chance="460" />
		<item name="bonelord shield" chance="90" />
		<item name="bonelord helmet" chance="90" />
	</loot>
</monster>
