<?xml version="1.0" encoding="UTF-8"?>
<monster name="Elf Arcanist" nameDescription="an elf arcanist" race="blood" experience="175" speed="220">
	<health now="220" max="220" />
	<look type="63" corpse="6011" />
	<targetchange interval="4000" chance="10" />
	<flags>
		<flag summonable="0" />
		<flag attackable="1" />
		<flag hostile="1" />
		<flag illusionable="0" />
		<flag convinceable="0" />
		<flag pushable="0" />
		<flag canpushitems="1" />
		<flag canpushcreatures="0" />
		<flag targetdistance="4" />
		<flag staticattack="90" />
		<flag runonhealth="0" />
		<flag canwalkonenergy="0" />
		<flag canwalkonfire="0" />
		<flag canwalkonpoison="0" />
	</flags>
	<attacks>
		<attack name="melee" interval="2000" min="0" max="-35" />
		<attack name="physical" interval="2000" chance="10" range="7" min="0" max="-70">
			<attribute key="shootEffect" value="arrow" />
		</attack>
		<attack name="energy" interval="2000" chance="10" range="7" min="-30" max="-50">
			<attribute key="shootEffect" value="energy" />
			<attribute key="areaEffect" value="energy" />
		</attack>
		<attack name="death" interval="2000" chance="10" range="7" min="-70" max="-85">
			<attribute key="shootEffect" value="suddendeath" />
			<attribute key="areaEffect" value="mortarea" />
		</attack>
	</attacks>
	<defenses armor="15" defense="15">
		<defense name="healing" interval="2000" chance="15" min="40" max="60">
			<attribute key="areaEffect" value="blueshimmer" />
		</defense>
	</defenses>
	<elements>
		<element firePercent="50" />
		<element energyPercent="20" />
		<element deathPercent="20" />
		<element holyPercent="-10" />
	</elements>
	<immunities>
		<immunity invisible="1" />
	</immunities>
	<voices interval="5000" chance="10">
		<voice sentence="Feel my wrath!" />
		<voice sentence="For the Daughter of the Stars!" />
		<voice sentence="I'll bring balance upon you!" />
		<voice sentence="Tha'shi Cenath!" />
		<voice sentence="Vihil Ealuel!" />
	</voices>
	<loot>
		<item name="gold coin" countmax="47" chance="37000" />
		<item id="1949" chance="31000" /><!-- scroll -->
		<item name="melon" chance="22000" />
		<item name="blank rune" chance="18000" />
		<item name="bread" chance="14000" />
		<item name="elvish talisman" chance="10000" />
		<item name="elven astral observer" chance="7710" />
		<item name="green tunic" chance="7000" />
		<item id="2544" countmax="3" chance="6000" /><!-- arrow -->
		<item name="sling herb" chance="5000" />
		<item name="health potion" chance="4000" />
		<item name="strong mana potion" chance="3000" />
		<item name="candlestick" chance="2100" />
		<item name="elven amulet" chance="2000" />
		<item name="holy orchid" chance="2000" />
		<item name="wand of cosmic energy" chance="1160" />
		<item name="life crystal" chance="970" />
		<item id="2600" chance="1000" /><!-- inkwell -->
		<item name="sandals" chance="950" />
		<item id="2747" chance="880" /><!-- grave flower -->
		<item name="yellow gem" chance="50" />
	</loot>
</monster>
