<?xml version="1.0" encoding="UTF-8"?>
<monster name="Energy Elemental" nameDescription="an energy elemental" race="energy" experience="550" speed="200">
	<health now="500" max="500" />
	<look type="293" corpse="8966" />
	<targetchange interval="4000" chance="10" />
	<flags>
		<flag summonable="0" />
		<flag attackable="1" />
		<flag hostile="1" />
		<flag illusionable="1" />
		<flag convinceable="0" />
		<flag pushable="0" />
		<flag canpushitems="0" />
		<flag staticattack="85" />
		<flag targetdistance="1" />
		<flag runonhealth="0" />
		<flag canwalkonpoison="0" />
	</flags>
	<attacks>
		<attack name="melee" interval="2000" min="0" max="-175" />
		<attack name="energy" interval="2000" chance="10" range="7" radius="2" target="1" min="-125" max="-252">
			<attribute key="shootEffect" value="energy" />
			<attribute key="areaEffect" value="energy" />
		</attack>
		<attack name="energy" interval="2000" chance="15" range="7" target="1" min="-100" max="-130">
			<attribute key="shootEffect" value="energyball" />
			<attribute key="areaEffect" value="energy" />
		</attack>
		<attack name="energy elemental electrify" interval="2000" chance="20" />
	</attacks>
	<defenses armor="15" defense="15">
		<defense name="healing" interval="2000" chance="10" min="90" max="150">
			<attribute key="areaEffect" value="blueshimmer" />
		</defense>
	</defenses>
	<elements>
		<element physicalPercent="30" />
		<element holyPercent="10" />
		<element deathPercent="5" />
		<element earthPercent="-15" />
	</elements>
	<immunities>
		<immunity fire="1" />
		<immunity energy="1" />
		<immunity ice="1" />
		<immunity lifedrain="1" />
		<immunity invisible="1" />
		<immunity paralyze="1" />
	</immunities>
	<loot>
		<item id="2124" chance="2000" /><!-- crystal ring -->
		<item name="gold coin" countmax="100" chance="50000" />
		<item name="gold coin" countmax="70" chance="50000" />
		<item name="small amethyst" countmax="2" chance="5000" />
		<item name="energy ring" chance="892" />
		<item name="silver amulet" chance="1020" />
		<item name="wand of cosmic energy" chance="636" />
		<item name="throwing star" countmax="5" chance="9900" />
		<item name="obsidian lance" chance="3571" />
		<item name="guardian shield" chance="243" />
		<item name="crystal sword" chance="5882" />
		<item name="strong mana potion" chance="7692" />
		<item name="mana potion" chance="11711" />
		<item name="flash arrow" countmax="10" chance="10000" />
	</loot>
</monster>
