<?xml version="1.0" encoding="UTF-8"?>
<monster name="Enraged Crystal Golem" nameDescription="enraged crystal golem" race="energy" experience="550" speed="200">
	<health now="700" max="700" />
	<look type="508" corpse="18466" />
	<targetchange interval="4000" chance="10" />
	<flags>
		<flag summonable="0" />
		<flag attackable="1" />
		<flag hostile="1" />
		<flag illusionable="0" />
		<flag convinceable="0" />
		<flag pushable="0" />
		<flag canpushitems="1" />
		<flag canpushcreatures="1" />
		<flag targetdistance="1" />
		<flag staticattack="70" />
		<flag runonhealth="0" />
	</flags>
	<attacks>
		<attack name="melee" interval="2000" min="0" max="-150" />
	</attacks>
	<defenses armor="15" defense="15" />
	<elements>
		<element physicalPercent="15" />
	</elements>
	<immunities>
		<immunity fire="1" />
		<immunity ice="1" />
		<immunity paralyze="1" />
		<immunity invisible="1" />
	</immunities>
	<voices interval="5000" chance="10">
		<voice sentence="Crrrrk! Chhhhr!" />
	</voices>
	<loot>
		<item name="gold coin" countmax="100" chance="100000" />
		<item name="crystal sword" chance="4710" />
		<item name="glorious axe" chance="360" />
		<item name="strong health potion" chance="7140" />
		<item name="strong mana potion" chance="8270" />
		<item name="blue crystal splinter" chance="4120" />
		<item name="cyan crystal fragment" chance="1050" />
		<item name="crystalline spikes" chance="7980" />
		<item name="crystalline axe" countmax="5" chance="5008" />
	</loot>
</monster>
