<?xml version="1.0" encoding="UTF-8"?>
<monster name="Fernfang" nameDescription="Fernfang" race="blood" experience="600" speed="240">
	<health now="400" max="400" />
	<look type="206" corpse="20566" />
	<targetchange interval="5000" chance="8" />
	<flags>
		<flag summonable="0" />
		<flag attackable="1" />
		<flag hostile="1" />
		<flag illusionable="0" />
		<flag convinceable="0" />
		<flag pushable="0" />
		<flag canpushitems="1" />
		<flag canpushcreatures="1" />
		<flag targetdistance="4" />
		<flag staticattack="90" />
		<flag runonhealth="0" />
		<flag isboss="1" />
	</flags>
	<attacks>
		<attack name="melee" interval="2000" min="0" max="-50" />
		<attack name="manadrain" interval="1000" chance="25" range="7" min="-25" max="-45">
			<attribute key="areaEffect" value="redshimmer" />
		</attack>
		<attack name="holy" interval="2000" chance="80" range="7" min="-65" max="-180">
			<attribute key="shootEffect" value="holy" />
			<attribute key="areaEffect" value="holyarea" />
		</attack>
	</attacks>
	<defenses armor="15" defense="10">
		<defense name="healing" interval="1000" chance="15" min="90" max="120">
			<attribute key="areaEffect" value="blueshimmer" />
		</defense>
		<defense name="speed" interval="1000" chance="7" speedchange="310" duration="10000">
			<attribute key="areaEffect" value="redshimmer" />
		</defense>
		<defense name="effect" interval="1000" chance="5">
			<attribute key="areaEffect" value="redshimmer" />
		</defense>
		<defense name="outfit" interval="1000" chance="5" monster="war wolf" duration="14000">
			<attribute key="areaEffect" value="blueshimmer" />
		</defense>
	</defenses>
	<elements>
		<element icePercent="70" />
		<element earthPercent="40" />
	</elements>
	<immunities>
		<immunity invisible="1" />
		<immunity lifedrain="1" />
	</immunities>
	<summons maxSummons="3">
		<summon name="War Wolf" interval="1000" chance="13" />
	</summons>
	<voices interval="5000" chance="10">
		<voice sentence="You desecrated this place!" />
		<voice sentence="I will cleanse this isle!" />
		<voice sentence="Grrrrrrr" />
		<voice sentence="Yoooohhuuuu!" yell="1" />
	</voices>
	<loot>
		<item name="gold coin" countmax="94" chance="100000" />
		<item name="book of prayers" chance="100000" />
		<item name="platinum coin" countmax="3" chance="97000" />
		<item name="star herb" chance="92000" />
		<item name="rope belt" chance="56000" />
		<item name="yellow gem" chance="43000" />
		<item name="safety pin" chance="41000" />
		<item name="power ring" chance="41000" />
		<item name="blank rune" chance="17000" />
		<item name="brown flask" chance="12000" />
		<item name="bread" chance="12000" />
		<item id="2044" chance="12000" /><!-- lamp -->
		<item id="2401" chance="12000" /><!-- staff -->
		<item name="green tunic" chance="12000" />
		<item name="strong mana potion" chance="10200" />
		<item name="wooden whistle" chance="7600" />
		<item name="sling herb" chance="5100" />
		<item name="wolf tooth chain" chance="5100" />
		<item name="life crystal" chance="2500" />
	</loot>
</monster>
