<?xml version="1.0" encoding="UTF-8"?>
<monster name="Fish" nameDescription="a fish" race="undead" experience="0" speed="180">
	<health now="25" max="25" />
	<look type="455" corpse="2667" />
	<targetchange interval="4000" chance="0" />
	<flags>
		<flag summonable="0" />
		<flag attackable="1" />
		<flag hostile="1" />
		<flag illusionable="0" />
		<flag convinceable="0" />
		<flag pushable="1" />
		<flag canpushitems="0" />
		<flag canpushcreatures="1" />
		<flag targetdistance="1" />
		<flag runonhealth="25" />
		<flag canwalkonenergy="0" />
	</flags>
	<defenses armor="5" defense="5" />
	<immunities>
		<immunity fire="1" />
		<immunity earth="1" />
		<immunity invisible="1" />
		<immunity drown="1" />
	</immunities>
	<voices interval="5000" chance="10">
		<voice sentence="Blib!" />
		<voice sentence="Blub!" />
	</voices>
</monster>
