<?xml version="1.0" encoding="UTF-8"?>
<monster name="Fleshslicer" nameDescription="Fleshslicer" race="venom" experience="5500" speed="360">
	<health now="5700" max="5700" />
	<look type="457" corpse="15296" />
	<targetchange interval="4000" chance="10" />
	<flags>
		<flag summonable="0" />
		<flag attackable="1" />
		<flag hostile="1" />
		<flag illusionable="0" />
		<flag convinceable="0" />
		<flag pushable="0" />
		<flag canpushitems="1" />
		<flag canpushcreatures="1" />
		<flag targetdistance="1" />
		<flag runonhealth="0" />
		<flag isboss="1" />
	</flags>
	<attacks>
		<attack name="melee" interval="2000" min="0" max="-300" />
		<attack name="earth" interval="2000" chance="10" length="5" spread="3" min="-100" max="-450">
			<attribute key="areaEffect" value="redshimmer" />
		</attack>
		<attack name="earth" interval="2000" chance="20" range="7" min="-200" max="-500">
			<attribute key="shootEffect" value="poison" />
			<attribute key="areaEffect" value="poison" />
		</attack>
	</attacks>
	<defenses armor="30" defense="30">
		<defense name="speed" interval="2000" chance="15" speedchange="450" duration="5000">
			<attribute key="areaEffect" value="redshimmer" />
		</defense>
	</defenses>
	<immunities>
		<immunity earth="1" />
		<immunity invisible="1" />
	</immunities>
	<loot>
		<item id="2148" countmax="100" chance="50000" /><!-- gold coin -->
		<item id="2148" countmax="85" chance="50000" /><!-- gold coin -->
		<item id="15486" countmax="2" chance="100000" /><!-- compound eye -->
		<item id="2152" countmax="5" chance="100000" /><!-- platinum coin -->
		<item id="15485" chance="100000" /><!-- spidris sandible -->
		<!-- Dung Ball (Quest) 78% -->
		<item id="7590" countmax="2" chance="78000" /><!-- great mana potion -->
		<item name="white pearl" countmax="5" chance="35000" />
		<item name="red gem" chance="28000" />
		<item name="Ripper Lance" chance="28000" />
		<item name="Small Ruby" countmax="5" chance="28000" />
		<item id="8473" chance="21000" /><!-- ultimate health potion -->
		<item id="7413" chance="14000" /><!-- titan axe -->
		<item id="6300" chance="7000" /><!-- death ring -->
		<item id="7632" chance="7000" /><!-- giant shimmering pearl -->
	</loot>
</monster>
