<?xml version="1.0" encoding="UTF-8"?>
<monster name="Fury" nameDescription="a fury" race="blood" experience="4500" speed="250">
	<health now="4100" max="4100" />
	<look type="149" head="94" body="77" legs="78" feet="79" addons="1" corpse="20399" />
	<targetchange interval="4000" chance="10" />
	<flags>
		<flag summonable="0" />
		<flag attackable="1" />
		<flag hostile="1" />
		<flag illusionable="1" />
		<flag convinceable="0" />
		<flag pushable="0" />
		<flag canpushitems="1" />
		<flag canpushcreatures="1" />
		<flag targetdistance="1" />
		<flag staticattack="70" />
		<flag runonhealth="0" />
		<flag canwalkonenergy="0" />
		<flag canwalkonpoison="0" />
	</flags>
	<attacks>
		<attack name="melee" interval="2000" min="0" max="-510" />
		<attack name="fire" interval="2000" chance="10" length="8" spread="3" min="-200" max="-300">
			<attribute key="areaEffect" value="explosionarea" />
		</attack>
		<attack name="death" interval="2000" chance="5" length="8" spread="0" min="-120" max="-700">
			<attribute key="areaEffect" value="redspark" />
		</attack>
		<attack name="death" interval="2000" chance="10" radius="4" target="0" min="-120" max="-300">
			<attribute key="areaEffect" value="redspark" />
		</attack>
		<attack name="fury skill reducer" interval="2000" chance="5" />
		<attack name="lifedrain" interval="2000" chance="10" radius="3" target="0" min="-120" max="-300">
			<attribute key="areaEffect" value="blackspark" />
		</attack>
		<attack name="death" interval="2000" chance="10" range="7" min="-125" max="-250">
			<attribute key="shootEffect" value="suddendeath" />
			<attribute key="areaEffect" value="mortarea" />
			<attribute key="areaEffect" value="smallclouds" />
		</attack>
		<attack name="speed" interval="2000" chance="15" range="7" speedchange="-800" duration="30000">
			<attribute key="shootEffect" value="suddendeath" />
			<attribute key="areaEffect" value="mortarea" />
			<attribute key="areaEffect" value="smallclouds" />
		</attack>
	</attacks>
	<defenses armor="20" defense="20">
		<defense name="speed" interval="2000" chance="15" speedchange="800" duration="5000">
			<attribute key="areaEffect" value="redshimmer" />
		</defense>
	</defenses>
	<elements>
		<element icePercent="30" />
		<element holyPercent="30" />
		<element deathPercent="-10" />
		<element energyPercent="-10" />
		<element earthPercent="-10" />
		<element physicalPercent="-10" />
	</elements>
	<immunities>
		<immunity paralyze="1" />
		<immunity invisible="1" />
		<immunity fire="1" />
	</immunities>
	<voices interval="5000" chance="10">
		<voice sentence="Ahhhhrrrr!" />
		<voice sentence="Waaaaah!" />
		<voice sentence="Carnage!" />
		<voice sentence="Dieee!" />
	</voices>
	<loot>
		<item id="2120" countmax="3" chance="8000" /><!-- small amethyst -->
		<item id="2124" chance="410" /><!-- crystal ring-->
		<item name="gold coin" countmax="100" chance="30000" />
		<item name="gold coin" countmax="100" chance="30000" />
		<item name="gold coin" countmax="69" chance="38000" />
		<item name="platinum coin" countmax="4" chance="2800" />
		<item name="terra rod" chance="20000" />
		<item name="golden legs" chance="130" />
		<item name="steel boots" chance="790" />
		<item name="meat" chance="25000" />
		<item name="orichalcum pearl" countmax="4" chance="1500" />
		<item name="red piece of cloth" chance="4000" />
		<item name="soul orb" chance="21500" />
		<item name="soul orb" chance="50" />
		<item id="6301" chance="60" /><!-- death ring-->
		<item name="demonic essence" chance="22500" />
		<item name="concentrated demonic blood" countmax="3" chance="35000" />
		<item name="assassin dagger" chance="660" />
		<item name="noble axe" chance="2000" />
		<item name="great health potion" chance="10500" />
		<item name="jalapeno pepper" countmax="4" chance="29280" />
		<item id="9813" chance="1920" /><!-- rusty legs (rare) -->
	</loot>
</monster>
