<?xml version="1.0" encoding="UTF-8"?>
<monster name="Gargoyle" nameDescription="a gargoyle" race="undead" experience="150" speed="200">
	<health now="250" max="250" />
	<look type="95" corpse="6027" />
	<targetchange interval="4000" chance="10" />
	<flags>
		<flag summonable="0" />
		<flag attackable="1" />
		<flag hostile="1" />
		<flag illusionable="1" />
		<flag convinceable="0" />
		<flag pushable="0" />
		<flag canpushitems="1" />
		<flag canpushcreatures="1" />
		<flag targetdistance="1" />
		<flag staticattack="90" />
		<flag runonhealth="30" />
		<flag canwalkonenergy="0" />
		<flag canwalkonfire="0" />
	</flags>
	<attacks>
		<attack name="melee" interval="2000" min="0" max="-65" />
	</attacks>
	<defenses armor="26" defense="26">
		<defense name="healing" interval="2000" chance="20" min="5" max="15">
			<attribute key="areaEffect" value="blueshimmer" />
		</defense>
	</defenses>
	<elements>
		<element physicalPercent="20" />
		<element deathPercent="40" />
		<element firePercent="-10" />
	</elements>
	<immunities>
		<immunity lifedrain="1" />
		<immunity earth="1" />
	</immunities>
	<voices interval="5000" chance="10">
		<voice sentence="Harrrr Harrrr!" />
		<voice sentence="Stone sweet stone." />
		<voice sentence="Feel my claws, softskin." />
		<voice sentence="Chhhhhrrrrk!" />
		<voice sentence="There is a stone in your shoe!" />
	</voices>
	<loot>
		<item name="gold coin" countmax="30" chance="88000" />
		<item name="small stone" countmax="10" chance="15800" />
		<item name="stone wing" chance="11730" />
		<item name="potato" countmax="2" chance="9220" />
		<item name="strawberry" countmax="5" chance="1910" />
		<item name="morning star" chance="1500" />
		<item name="battle shield" chance="1300" />
		<item name="wolf tooth chain" chance="1180" />
		<item name="steel helmet" chance="850" />
		<item name="piece of marble rock" chance="450" />
		<item name="dark armor" chance="300" />
		<item name="club ring" chance="260" />
		<item name="shiny stone" chance="190" />
	</loot>
</monster>
