<?xml version="1.0" encoding="UTF-8"?>
<monster name="Giant Spider" nameDescription="a giant spider" race="venom" experience="12" speed="152">
	<health now="20" max="20" />
	<look type="38" corpse="5977" />
	<targetchange interval="2000" chance="0" />
	<flags>
		<flag summonable="0" />
		<flag attackable="1" />
		<flag hostile="1" />
		<flag illusionable="0" />
		<flag convinceable="0" />
		<flag pushable="1" />
		<flag canpushitems="0" />
		<flag canpushcreatures="0" />
		<flag targetdistance="1" />
		<flag staticattack="90" />
		<flag runonhealth="6" />
		<flag canwalkonenergy="0" />
		<flag canwalkonfire="0" />
		<flag canwalkonpoison="0" />
	</flags>
	<script>
		<event name="GiantSpiderWyda" />
	</script>
	<attacks>
		<attack name="melee" interval="2000" min="0" max="-9" />
	</attacks>
	<defenses armor="2" defense="2" />
	<elements>
		<element firePercent="-20" />
	</elements>
	<loot>
		<item name="gold coin" countmax="5" chance="65000" />
		<item name="spider fangs" chance="950" />
	</loot>
</monster>
