<?xml version="1.0" encoding="UTF-8"?>
<monster name="Glooth Bandit" nameDescription="a glooth bandit" race="blood" experience="2000" speed="280">
	<health now="2600" max="2600" />
	<look type="129" head="115" body="80" legs="114" feet="114" addons="0" mount="0" corpse="24251" />
	<targetchange interval="2000" chance="2" />
	<flags>
		<flag summonable="0" />
		<flag attackable="1" />
		<flag hostile="1" />
		<flag illusionable="0" />
		<flag convinceable="0" />
		<flag pushable="0" />
		<flag canpushitems="1" />
		<flag canpushcreatures="1" />
		<flag targetdistance="1" />
		<flag staticattack="90" />
		<flag runonhealth="0" />
	</flags>
	<attacks>
		<attack name="melee" interval="2000" skill="90" attack="60" />
		<attack name="physical" interval="2000" chance="20" range="7" min="0" max="-200">
			<attribute key="shootEffect" value="arrow" />
		</attack>
	</attacks>
	<defenses armor="23" defense="31">
		<defense name="healing" interval="2000" chance="10" min="200" max="250">
			<attribute key="areaEffect" value="blueshimmer" />
		</defense>
	</defenses>
	<elements>
		<element firePercent="-5" />
		<element icePercent="10" />
		<element energyPercent="20" />
		<element deathPercent="20" />
		<element physicalPercent="15" />
	</elements>
	<immunities>
		<immunity poison="1" />
		<immunity paralyze="1" />
		<immunity invisible="1" />
	</immunities>
	<loot>
		<item id="3962" chance="800" /><!-- beastslayer axe -->
		<item id="23554" chance="990" /><!-- glooth amulet -->
		<item id="23551" chance="1030" /><!-- glooth axe -->
		<item id="23574" chance="5070" /><!-- glooth bag -->
		<item id="23550" chance="1000" /><!-- glooth blade -->
		<item id="23535" chance="580" /><!-- glooth cape -->
		<item id="24183" chance="3010" /><!-- glooth capsule -->
		<item id="23549" chance="1000" /><!-- glooth club -->
		<item id="23514" chance="2470" /><!-- glooth sandwich -->
		<item id="23529" chance="1010" /><!-- glooth spear -->
		<item id="23517" chance="2600" /><!-- glooth steak -->
		<item id="2148" countmax="100" chance="100000" /><!-- gold coin -->
		<item id="7591" chance="8090" /><!-- great health potion -->
		<item id="7590" countmax="2" chance="7400" /><!-- great mana potion -->
		<item id="8472" chance="3480" /><!-- great spirit potion -->
		<item id="2155" chance="160" /><!-- green gem -->
		<item id="2152" countmax="3" chance="60050" /><!-- platinum coin -->
		<item id="23536" chance="730" /><!-- rubber cap -->
		<item id="2436" chance="420" /><!-- skull staff -->
		<item id="2149" countmax="2" chance="2040" /><!-- small emerald -->
		<item id="9970" countmax="2" chance="2530" /><!-- small topaz -->
		<item id="24185" chance="8010" /><!-- tainted glooth capsule -->
		<item id="7886" chance="490" /><!-- terra boots -->
		<item id="7903" chance="600" /><!-- terra hood -->
		<item id="7885" chance="480" /><!-- terra legs -->
		<item id="7884" chance="600" /><!-- terra mantle -->
		<item id="8473" chance="3440" /><!-- ultimate health potion -->
		<item id="2454" chance="100" /><!-- war axe -->
	</loot>
</monster>
