<?xml version="1.0" encoding="UTF-8"?>
<monster name="Glooth Brigand" nameDescription="a glooth brigand" race="blood" experience="1900" speed="280">
	<health now="2400" max="2400" />
	<look type="137" head="114" body="114" legs="110" feet="114" addons="0" mount="0" corpse="24257" />
	<targetchange interval="2000" chance="2" />
	<flags>
		<flag summonable="0" />
		<flag attackable="1" />
		<flag hostile="1" />
		<flag illusionable="0" />
		<flag convinceable="0" />
		<flag pushable="0" />
		<flag canpushitems="1" />
		<flag canpushcreatures="1" />
		<flag targetdistance="1" />
		<flag staticattack="90" />
		<flag runonhealth="0" />
	</flags>
	<attacks>
		<attack name="melee" interval="2000" skill="90" attack="60" />
		<attack name="physical" interval="2000" chance="20" range="7" min="0" max="-200">
			<attribute key="shootEffect" value="arrow" />
		</attack>
	</attacks>
	<defenses armor="23" defense="31">
		<defense name="healing" interval="2000" chance="10" min="200" max="250">
			<attribute key="areaEffect" value="blueshimmer" />
		</defense>
	</defenses>
	<elements>
		<element firePercent="-5" />
		<element icePercent="10" />
		<element energyPercent="25" />
		<element deathPercent="20" />
		<element physicalPercent="10" />
	</elements>
	<immunities>
		<immunity poison="1" />
		<immunity paralyze="1" />
		<immunity invisible="1" />
	</immunities>
	<loot>
		<item id="7412" chance="50" /><!-- butcher's axe -->
		<item id="7419" chance="100" /><!-- dreaded cleaver -->
		<item id="7632" chance="1500" /><!-- giant shimmering pearl -->
		<item id="23554" chance="960" /><!-- glooth amulet -->
		<item id="23551" chance="980" /><!-- glooth axe -->
		<item id="23574" countmax="2" chance="9830" /><!-- glooth bag -->
		<item id="23550" chance="1000" /><!-- glooth blade -->
		<item id="24183" chance="3100" /><!-- glooth capsule -->
		<item id="23549" chance="1000" /><!-- glooth club -->
		<item id="23514" chance="2480" /><!-- glooth sandwich -->
		<item id="23529" chance="1000" /><!-- glooth spear -->
		<item id="23517" chance="2500" /><!-- glooth steak -->
		<item id="2148" countmax="100" chance="100000" /><!-- gold coin -->
		<item id="7590" chance="3490" /><!-- great mana potion -->
		<item id="8472" chance="3540" /><!-- great spirit potion -->
		<item id="2155" chance="200" /><!-- green gem -->
		<item id="23538" chance="160" /><!-- heat core -->
		<item id="7386" chance="150" /><!-- mercenary sword -->
		<item id="2152" countmax="3" chance="79920" /><!-- platinum coin -->
		<item id="23536" chance="640" /><!-- rubber cap -->
		<item id="24185" chance="8070" /><!-- tainted glooth capsule -->
		<item id="7887" chance="400" /><!-- terra amulet -->
		<item id="7886" chance="490" /><!-- terra boots -->
		<item id="7903" chance="710" /><!-- terra hood -->
		<item id="7885" chance="500" /><!-- terra legs -->
		<item id="7884" chance="600" /><!-- terra mantle -->
		<item id="8473" chance="3450" /><!-- ultimate health potion -->
	</loot>
</monster>
