<?xml version="1.0" encoding="UTF-8"?>
<monster name="Gnomevil" nameDescription="Gnomevil" race="blood" experience="45000" speed="470">
	<health now="250000" max="250000" />
	<look type="504" corpse="18443" />
	<targetchange interval="5000" chance="8" />
	<flags>
		<flag summonable="0" />
		<flag attackable="1" />
		<flag hostile="1" />
		<flag illusionable="0" />
		<flag convinceable="0" />
		<flag pushable="0" />
		<flag canpushitems="1" />
		<flag canpushcreatures="1" />
		<flag targetdistance="1" />
		<flag staticattack="50" />
		<flag runonhealth="10000" />
		<flag isboss="1" />
	</flags>
	<attacks>
		<attack name="melee" interval="1300" min="0" max="-630" />
		<attack name="speed" interval="2000" chance="20" range="7" speedchange="-400" duration="2500">
			<attribute key="shootEffect" value="whirlwindaxe" />
		</attack>
		<attack name="fire" interval="2000" chance="100" range="7" min="-820" max="-950">
			<attribute key="areaEffect" value="energyarea" />
		</attack>
		<attack name="manadrain" interval="2000" chance="9" length="8" spread="0" min="-230" max="-500">
			<attribute key="areaEffect" value="blueshimmer" />
		</attack>
		<attack name="energy" interval="1000" chance="12" range="3" target="1" min="-350" max="-800">
			<attribute key="areaEffect" value="purpleenergy" />
		</attack>
	</attacks>
	<defenses armor="25" defense="35">
		<defense name="healing" interval="1000" chance="25" min="1000" max="4000">
			<attribute key="areaEffect" value="blueshimmer" />
		</defense>
	</defenses>
	<elements>
		<element firePercent="10" />
		<element deathPercent="-20" />
	</elements>
	<immunities>
		<immunity outfit="1" />
		<immunity drown="1" />
		<immunity paralyze="1" />
		<immunity invisible="1" />
	</immunities>
	<voices interval="5000" chance="10">
		<voice sentence="No more Mr. Nicegnome!" />
		<voice sentence="Taste the power of the dark side!" />
		<voice sentence="I've seen the light! And it was all engulfing fire!" />
		<voice sentence="Tatatata!!!" />
		<voice sentence="Muhahaha!" />
		<voice sentence="I'm feeling grrrreat!" />
	</voices>
	<loot>
		<item name="decorative ribbon" chance="1710" />
		<item name="crystalline sword" chance="14100" />
		<item name="crystalline axe" chance="9830" />
		<item name="mycological mace" chance="8120" />
		<item name="crystal crossbow" chance="8120" />
		<item name="mycological bow" chance="9400" />
		<item name="shiny blade" chance="7690" />
		<item name="Gnomevil's hat" chance="99150" />
	</loot>
</monster>
