<?xml version="1.0" encoding="UTF-8"?>
<monster name="Gnorre Chyllson" nameDescription="Gnorre Chyllson" race="blood" experience="4000" speed="370">
	<health now="7150" max="7150" />
	<look type="251" head="11" body="9" legs="11" feet="85" addons="1" corpse="7349" />
	<flags>
		<flag summonable="0" />
		<flag attackable="1" />
		<flag hostile="1" />
		<flag illusionable="0" />
		<flag convinceable="0" />
		<flag pushable="0" />
		<flag canpushitems="1" />
		<flag targetdistance="1" />
		<flag canwalkonenergy="0" />
		<flag canwalkonpoison="0" />
	</flags>
	<attacks>
		<attack name="melee" interval="2000" min="0" max="-455" />
		<attack name="melee" interval="3000" chance="50" target="0" min="-500" max="-800">
			<attribute key="areaEffect" value="blackspark" />
		</attack>
		<attack name="ice" interval="1000" chance="15" range="7" min="-170" max="-200">
			<attribute key="shootEffect" value="snowball" />
		</attack>
	</attacks>
	<defenses armor="51" defense="52" />
	<elements>
		<element deathPercent="-10" />
		<element physicalPercent="-15" />
	</elements>
	<immunities>
		<immunity fire="1" />
		<immunity ice="1" />
		<immunity earth="1" />
		<immunity paralyze="1" />
		<immunity outfit="1" />
		<immunity drunk="1" />
		<immunity invisible="1" />
	</immunities>
	<voices interval="2000" chance="5">
		<voice sentence="I am like the merciless northwind." />
		<voice sentence="Snow will be your death shroud." />
		<voice sentence="Feel the wrath of father chyll!" />
	</voices>
</monster>
