<?xml version="1.0" encoding="UTF-8"?>
<monster name="Gozzler" nameDescription="a gozzler" race="undead" experience="180" speed="190" manacost="800">
	<health now="240" max="240" />
	<look type="313" corpse="9938" />
	<targetchange interval="4000" chance="10" />
	<flags>
		<flag summonable="1" />
		<flag attackable="1" />
		<flag hostile="1" />
		<flag illusionable="1" />
		<flag convinceable="0" />
		<flag pushable="0" />
		<flag canpushitems="1" />
		<flag canpushcreatures="1" />
		<flag targetdistance="1" />
		<flag staticattack="70" />
		<flag runonhealth="0" />
		<flag canwalkonenergy="0" />
		<flag canwalkonfire="0" />
		<flag canwalkonpoison="0" />
	</flags>
	<attacks>
		<attack name="melee" interval="2000" min="0" max="-110" />
		<attack name="lifedrain" interval="2000" chance="15" range="1" min="-32" max="-135">
			<attribute key="areaEffect" value="redspark" />
		</attack>
	</attacks>
	<defenses armor="15" defense="15">
		<defense name="healing" interval="2000" chance="10" min="30" max="50">
			<attribute key="areaEffect" value="blueshimmer" />
		</defense>
		<defense name="speed" interval="2000" chance="15" speedchange="210" duration="5000">
			<attribute key="areaEffect" value="redshimmer" />
		</defense>
	</defenses>
	<elements>
		<element deathPercent="50" />
		<element holyPercent="50" />
		<element physicalPercent="-5" />
	</elements>
	<immunities>
		<immunity invisible="1" />
	</immunities>
	<voices interval="5000" chance="10">
		<voice sentence="Huhuhuhuuu!" />
		<voice sentence="Let the fun begin!" />
		<voice sentence="Yihahaha!" />
		<voice sentence="I'll bite you! Nyehehehehe!" />
	</voices>
	<loot>
		<item name="brown flask" chance="8750" />
		<item name="small sapphire" chance="360" />
		<item name="gold coin" countmax="70" chance="52500" />
		<item name="dwarven ring" chance="190" />
		<item name="battle axe" chance="3100" />
		<item name="sabre" chance="8250" />
		<item name="morning star" chance="5000" />
		<item name="serpent sword" chance="250" />
		<item name="clerical mace" chance="900" />
		<item name="plate shield" chance="10000" />
	</loot>
</monster>
