<?xml version="1.0" encoding="UTF-8"?>
<monster name="Grandfather Tridian" nameDescription="Grandfather Tridian" race="blood" experience="1400" speed="210">
	<health now="1800" max="1800" />
	<look type="193" corpse="20391" />
	<targetchange interval="4000" chance="10" />
	<flags>
		<flag summonable="0" />
		<flag attackable="1" />
		<flag hostile="1" />
		<flag illusionable="0" />
		<flag convinceable="0" />
		<flag pushable="0" />
		<flag canpushitems="1" />
		<flag canpushcreatures="1" />
		<flag staticattack="50" />
		<flag targetdistance="4" />
		<flag runonhealth="0" />
		<flag isboss="1" />
	</flags>
	<attacks>
		<attack name="melee" interval="2000" min="0" max="-100" />
		<attack name="lifedrain" interval="2000" chance="25" range="1" radius="1" target="1" min="-138" max="-362">
			<attribute key="shootEffect" value="holy" />
			<attribute key="areaEffect" value="holyarea" />
		</attack>
		<attack name="lifedrain" interval="2000" chance="15" range="1" radius="1" target="1" min="0" max="-80">
			<attribute key="areaEffect" value="redshimmer" />
		</attack>
	</attacks>
	<defenses armor="25" defense="25">
		<defense name="healing" interval="2000" chance="25" min="60" max="90">
			<attribute key="areaEffect" value="blueshimmer" />
		</defense>
		<defense name="invisible" interval="2000" chance="15" duration="4000">
			<attribute key="areaEffect" value="yellowbubble" />
		</defense>
	</defenses>
	<elements>
		<element holyPercent="20" />
		<element icePercent="5" />
		<element physicalPercent="35" />
	</elements>
	<immunities>
		<immunity paralyze="1" />
		<immunity invisible="1" />
	</immunities>
	<summons maxSummons="2">
		<summon name="crypt shambler" interval="2000" chance="10" />
		<summon name="ghost" interval="2000" chance="10" />
	</summons>
	<voices interval="2000" chance="7">
		<voice sentence="I will bring peace to your misguided soul!" />
		<voice sentence="Your intrusion can't be tolerated!" />
	</voices>
	<loot>
		<item name="gold coin" countmax="80" chance="100000" />
		<item name="piggy bank" chance="100000" />
		<item name="strong mana potion" chance="5000" />
		<item name="brown mushroom" chance="5000" />
		<item name="wand of inferno" chance="5000" />
		<item name="skull staff" chance="5000" />
		<item name="wand of voodoo" chance="5000" />
		<item name="amber staff" chance="3000" />
		<item id="6087" chance="3000" /><!-- music sheet 1st verse -->
		<item id="6088" chance="3000" /><!-- music sheet 2nd verse -->
		<item id="6089" chance="3000" /><!-- music sheet 3rd verse -->
		<item id="6090" chance="3000" /><!-- music sheet 4th verse -->
		<item id="3955" chance="1000" /><!-- voodoo doll -->
		<item name="cultish mask" chance="10250" />
		<item id="1962" chance="910" /><!-- orange book -->
		<item name="cultish symbol" chance="890" />
		<item name="protection amulet" chance="790" />
		<item name="small sapphire" chance="550" />
		<item name="energy ring" chance="450" />
		<item name="pirate voodoo doll" chance="430" />
		<item name="platinum amulet" chance="200" />
		<item name="mysterious voodoo skull" chance="130" />
		<item name="broken key ring" chance="100" />
		<item name="jewelled backpack" chance="100" />
		<item name="blue robe" chance="40" />
	</loot>
</monster>
