<?xml version="1.0" encoding="UTF-8"?>
<monster name="Grand Mother Foulscale" nameDescription="Grand Mother Foulscale" race="blood" experience="1400" speed="180">
	<health now="1850" max="1850" />
	<look type="34" corpse="5973" />
	<targetchange interval="5000" chance="8" />
	<flags>
		<flag summonable="0" />
		<flag attackable="1" />
		<flag hostile="1" />
		<flag illusionable="0" />
		<flag convinceable="0" />
		<flag pushable="0" />
		<flag canpushitems="1" />
		<flag canpushcreatures="1" />
		<flag targetdistance="1" />
		<flag staticattack="90" />
		<flag runonhealth="400" />
		<flag isboss="1" />
	</flags>
	<attacks>
		<attack name="melee" interval="2000" min="0" max="-170" />
		<attack name="fire" interval="2000" chance="15" range="7" radius="4" target="1" min="-45" max="-85">
			<attribute key="shootEffect" value="fire" />
			<attribute key="areaEffect" value="firearea" />
		</attack>
		<attack name="fire" interval="2000" chance="8" length="8" spread="3" min="-90" max="-150">
			<attribute key="areaEffect" value="firearea" />
		</attack>
	</attacks>
	<defenses armor="27" defense="20">
		<defense name="healing" interval="1000" chance="17" min="34" max="66">
			<attribute key="areaEffect" value="blueshimmer" />
		</defense>
	</defenses>
	<elements>
		<element earthPercent="80" />
		<element energyPercent="20" />
		<element icePercent="-10" />
	</elements>
	<immunities>
		<immunity fire="1" />
		<immunity paralyze="1" />
		<immunity invisible="1" />
	</immunities>
	<summons maxSummons="4">
		<summon name="dragon hatchlings" interval="4000" chance="40" max="4" />
	</summons>
	<voices interval="5000" chance="10">
		<voice sentence="GROOAAARRR" yell="1" />
		<voice sentence="FCHHHHH" yell="1" />
	</voices>
	<loot>
		<item name="small diamond" chance="500" />
		<item name="gold coin" countmax="70" chance="37500" />
		<item name="gold coin" countmax="50" chance="37500" />
		<item name="life crystal" chance="150" />
		<item name="wand of inferno" chance="1800" />
		<item name="double axe" chance="1333" />
		<item name="longsword" chance="5000" />
		<item name="mace" chance="21500" />
		<item name="short sword" chance="25000" />
		<item name="serpent sword" chance="500" />
		<item name="broadsword" chance="2000" />
		<item name="dragon hammer" chance="600" />
		<item name="crossbow" chance="10000" />
		<item name="steel helmet" chance="3000" />
		<item name="steel shield" chance="14000" />
		<item name="dragon shield" chance="500" />
		<item name="burst arrow" countmax="12" chance="4000" />
		<item name="plate legs" chance="2000" />
		<item name="dragon ham" countmax="3" chance="15500" />
		<item name="green dragon leather" chance="100000" />
		<item name="green dragon scale" chance="100000" />
		<item name="dragonbone staff" chance="650" />
		<item name="strong health potion" chance="1750" />
	</loot>
</monster>
