<?xml version="1.0" encoding="UTF-8"?>
<monster name="Green Frog" nameDescription="a green frog" race="blood" experience="0" speed="200" manacost="250">
	<health now="25" max="25" />
	<look type="224" corpse="6079" />
	<targetchange interval="5000" chance="0" />
	<flags>
		<flag summonable="1" />
		<flag attackable="1" />
		<flag hostile="1" />
		<flag illusionable="1" />
		<flag convinceable="1" />
		<flag pushable="1" />
		<flag canpushitems="0" />
		<flag canpushcreatures="0" />
		<flag staticattack="90" />
		<flag targetdistance="6" />
		<flag runonhealth="0" />
		<flag canwalkonenergy="0" />
		<flag canwalkonfire="0" />
		<flag canwalkonpoison="0" />
	</flags>
	<attacks>
		<attack name="melee" interval="2000" min="0" max="-25" />
	</attacks>
	<defenses armor="5" defense="5" />
	<voices interval="5000" chance="10">
		<voice sentence="Ribbit!" />
		<voice sentence="Ribbit! Ribbit!" />
	</voices>
</monster>
