<?xml version="1.0" encoding="UTF-8"?>
<monster name="Grim Reaper" nameDescription="a grim reaper" race="undead" experience="5500" speed="260">
	<health now="3900" max="3900" />
	<look type="300" corpse="8955" />
	<targetchange interval="5000" chance="20" />
	<flags>
		<flag summonable="0" />
		<flag attackable="1" />
		<flag hostile="1" />
		<flag illusionable="0" />
		<flag convinceable="0" />
		<flag pushable="0" />
		<flag canpushitems="1" />
		<flag canpushcreatures="1" />
		<flag targetdistance="1" />
		<flag staticattack="80" />
		<flag runonhealth="0" />
		<flag canwalkonenergy="0" />
		<flag canwalkonfire="0" />
	</flags>
	<attacks>
		<attack name="melee" interval="2000" min="0" max="-320" />
		<attack name="physical" interval="2000" chance="20" range="7" min="0" max="-165">
			<attribute key="shootEffect" value="suddendeath" />
			<attribute key="areaEffect" value="mortarea" />
		</attack>
		<attack name="death" interval="2000" chance="10" length="8" spread="0" min="-350" max="-720">
			<attribute key="areaEffect" value="redspark" />
		</attack>
		<attack name="physical" interval="2000" chance="15" length="7" spread="3" min="0" max="-300">
			<attribute key="areaEffect" value="explosionarea" />
		</attack>
		<attack name="death" interval="2000" chance="10" radius="4" target="0" min="-225" max="-275">
			<attribute key="areaEffect" value="redspark" />
		</attack>
	</attacks>
	<defenses armor="35" defense="35">
		<defense name="healing" interval="2000" chance="15" min="130" max="205">
			<attribute key="areaEffect" value="redspark" />
		</defense>
		<defense name="speed" interval="2000" chance="15" speedchange="450" duration="5000">
			<attribute key="areaEffect" value="redshimmer" />
		</defense>
	</defenses>
	<elements>
		<element energyPercent="-10" />
		<element earthPercent="40" />
		<element icePercent="65" />
		<element holyPercent="-10" />
		<element physicalPercent="20" />
		<element deathPercent="80" />
		<element firePercent="-10" />
	</elements>
	<immunities>
		<immunity paralyze="1" />
		<immunity invisible="1" />
	</immunities>
	<voices interval="5000" chance="10">
		<voice sentence="Death!" />
		<voice sentence="Come a little closer!" />
		<voice sentence="The end is near!" />
	</voices>
	<loot>
		<item name="gold coin" countmax="100" chance="33000" />
		<item name="gold coin" countmax="100" chance="33000" />
		<item name="gold coin" countmax="63" chance="33000" />
		<item name="platinum coin" countmax="4" chance="5200" />
		<item id="2162" chance="4850" /><!-- magic lightwand -->
		<item name="dark shield" chance="3000" />
		<item name="scythe" chance="9000" />
		<item name="orichalcum pearl" countmax="4" chance="1400" />
		<item id="6300" chance="330" /><!-- death ring -->
		<item name="demonic essence" chance="10600" />
		<item name="concentrated demonic blood" chance="35000" />
		<item name="nightmare blade" chance="880" />
		<item name="great mana potion" chance="10000" />
		<item name="glacier kilt" chance="330" />
		<item name="ultimate health potion" chance="9600" />
		<item name="skullcracker armor" chance="270" />
		<item name="underworld rod" chance="910" />
		<item id="9810" chance="2500" /><!-- rusty armor (rare) -->
		<item name="mystical hourglass" chance="5300" />
	</loot>
</monster>
