<?xml version="1.0" encoding="UTF-8"?>
<monster name="Grodrik" nameDescription="Grodrik" race="blood" experience="60" speed="170">
	<health now="120" max="120" />
	<look type="160" head="77" body="120" legs="79" feet="115" corpse="6007" />
	<flags>
		<flag summonable="0" />
		<flag attackable="1" />
		<flag hostile="1" />
		<flag illusionable="0" />
		<flag convinceable="0" />
		<flag pushable="1" />
		<flag canpushitems="0" />
		<flag canpushcreatures="0" />
		<flag targetdistance="1" />
		<flag staticattack="80" />
		<flag runonhealth="0" />
		<flag canwalkonenergy="0" />
		<flag canwalkonfire="0" />
		<flag canwalkonpoison="0" />
	</flags>
	<attacks>
		<attack name="melee" interval="2000" min="0" max="-35" />
	</attacks>
	<defenses armor="7" defense="7" />
	<voices interval="5000" chance="10">
		<voice sentence="By the great mother of fire! What is this?" />
		<voice sentence="Can I at least have a beer??" />
		<voice sentence="I'll hail no one, not even Durin, until I am brought back to where I was just moments ago!" />
		<voice sentence="If I ever find out who is behind all that... GRR!" />
		<voice sentence="What the... where is this place?" />
	</voices>
</monster>
