<?xml version="1.0" encoding="UTF-8"?>
<monster name="Guzzlemaw" nameDescription="a guzzlemaw" race="blood" experience="5500" speed="270">
	<health now="6400" max="6400" />
	<look type="584" corpse="22485" />
	<targetchange interval="4000" chance="10" />
	<flags>
		<flag summonable="0" />
		<flag attackable="1" />
		<flag hostile="1" />
		<flag illusionable="0" />
		<flag convinceable="0" />
		<flag pushable="0" />
		<flag canpushitems="1" />
		<flag canpushcreatures="1" />
		<flag targetdistance="1" />
		<flag staticattack="80" />
		<flag runonhealth="0" />
	</flags>
	<attacks>
		<attack name="melee" interval="2000" min="0" max="-499" />
		<attack name="bleedcondition" interval="2000" chance="10" radius="3" target="0" min="-500" max="-1000">
			<attribute key="areaEffect" value="redspark" />
		</attack>
		<attack name="physical" interval="2000" chance="10" length="8" spread="3" target="1" min="0" max="-900">
			<attribute key="areaEffect" value="explosionarea" />
		</attack>
		<attack name="physical" interval="2000" chance="20" radius="2" target="1" min="0" max="-500">
			<attribute key="shootEffect" value="largerock" />
			<attribute key="areaEffect" value="stones" />
		</attack>
		<attack name="speed" interval="2000" chance="15" radius="6" target="0" speedchange="-800" duration="15000">
			<attribute key="areaEffect" value="redshimmer" />
		</attack>
		<attack name="manadrain" interval="2000" chance="10" radius="4" target="0" min="-120" max="-250">
			<attribute key="areaEffect" value="redshimmer" />
		</attack>
	</attacks>
	<defenses armor="50" defense="50">
		<defense name="healing" interval="2000" chance="20" min="250" max="425">
			<attribute key="areaEffect" value="greenspark" />
		</defense>
	</defenses>
	<elements>
		<element physicalPercent="10" />
		<element deathPercent="5" />
		<element firePercent="5" />
		<element energyPercent="5" />
		<element icePercent="5" />
		<element earthPercent="15" />
	</elements>
	<immunities>
		<immunity paralyze="1" />
		<immunity invisible="1" />
	</immunities>
	<voices interval="2000" chance="5">
		<voice sentence="Gmmmooooh! *chomp*" />
		<voice sentence="MWAAAH! *gurgle*" />
		<voice sentence="*chomp* Mmmoh! *chomp*" />
	</voices>
	<loot>
		<item name="gold coin" countmax="100" chance="100000" />
		<item name="platinum coin" countmax="7" chance="100000" />
		<item name="banana skin" chance="10700" />
		<item name="piece of iron" chance="10500" />
		<item name="fishbone" chance="9500" />
		<item id="2229" chance="10400" /><!-- skull -->
		<item id="2230" chance="9200" /><!-- bone -->
		<item id="2231" chance="4500" /><!-- big bone -->
		<item name="fish remains" chance="10110" />
		<item name="two handed sword" chance="2700" />
		<item id="2667" countmax="3" chance="7000" /><!-- fish -->
		<item name="ham" chance="10000" />
		<item name="iron ore" chance="3000" />
		<item name="fish fin" chance="5000" />
		<item name="hardened bone" chance="5700" />
		<item id="5951" chance="9400" /><!-- fish tail -->
		<item name="assassin dagger" chance="1000" />
		<item name="haunted blade" chance="2000" />
		<item name="nightmare blade" chance="380" />
		<item name="great mana potion" countmax="3" chance="17000" />
		<item name="great health potion" countmax="2" chance="18500" />
		<item name="sai" chance="1200" />
		<item name="violet crystal shard" chance="3000" />
		<item name="brown crystal splinter" countmax="2" chance="12000" />
		<item name="red crystal fragment" chance="7600" />
		<item id="18554" chance="12000" /><!-- crystal rubbish -->
		<item name="cluster of solace" chance="920" />
		<item name="frazzle tongue" chance="15000" />
		<item name="frazzle skin" chance="14000" />
	</loot>
</monster>
