<?xml version="1.0" encoding="UTF-8"?>
<monster name="High Templar Cobrass" nameDescription="High Templar Cobrass" race="blood" experience="515" speed="174">
	<health now="410" max="410" />
	<look type="113" corpse="4251" />
	<targetchange interval="5000" chance="0" />
	<flags>
		<flag summonable="0" />
		<flag attackable="1" />
		<flag hostile="1" />
		<flag illusionable="0" />
		<flag convinceable="0" />
		<flag pushable="0" />
		<flag canpushitems="1" />
		<flag canpushcreatures="0" />
		<flag targetdistance="1" />
		<flag staticattack="90" />
		<flag runonhealth="0" />
		<flag canwalkonenergy="0" />
		<flag canwalkonfire="0" />
		<flag isboss="1" />
	</flags>
	<attacks>
		<attack name="melee" interval="2000" min="0" max="-80" />
	</attacks>
	<defenses armor="26" defense="26" />
	<elements>
		<element energyPercent="20" />
		<element icePercent="10" />
		<element firePercent="-10" />
	</elements>
	<immunities>
		<immunity earth="1" />
	</immunities>
	<voices interval="1000" chance="2">
		<voice sentence="Hissss!" />
	</voices>
	<loot>
		<item name="gold coin" countmax="100" chance="100000" />
		<item name="lizard scale" chance="100000" />
		<item name="lizard leather" chance="100000" />
		<item name="short sword" chance="10000" />
		<item id="2376" chance="5200" /><!-- sword -->
		<item name="steel helmet" chance="2500" />
		<item name="morning star" chance="2490" />
		<item name="plate armor" chance="1500" />
		<item name="health potion" chance="1320" />
		<item name="templar scytheblade" chance="1050" />
		<item name="small emerald" chance="760" />
		<item name="salamander shield" chance="610" />
	</loot>
</monster>
