<?xml version="1.0" encoding="UTF-8"?>
<monster name="Humorless Fungus" nameDescription="a humorless fungus" race="venom" experience="0" speed="230">
	<health now="2500" max="2500" />
	<look type="517" corpse="17428" />
	<targetchange interval="4000" chance="10" />
	<flags>
		<flag summonable="0" />
		<flag attackable="1" />
		<flag hostile="1" />
		<flag illusionable="1" />
		<flag convinceable="0" />
		<flag pushable="0" />
		<flag canpushitems="1" />
		<flag canpushcreatures="1" />
		<flag targetdistance="4" />
		<flag staticattack="90" />
		<flag runonhealth="0" />
	</flags>
	<attacks>
		<attack name="melee" interval="2000" min="0" max="-475" />
		<attack name="earth" interval="2000" chance="10" range="7" target="1" min="-40" max="-197">
			<attribute key="shootEffect" value="smallearth" />
			<attribute key="areaEffect" value="smallplants" />
		</attack>
		<attack name="ice" interval="2000" chance="10" range="7" target="1" min="0" max="-525">
			<attribute key="shootEffect" value="snowball" />
			<attribute key="areaEffect" value="icearea" />
		</attack>
		<attack name="poisoncondition" interval="2000" chance="10" target="0" radius="3" range="7" min="-400" max="-640">
			<attribute key="areaEffect" value="greenspark" />
		</attack>
		<attack name="drunk" interval="2000" chance="10" range="7" target="1" radius="4" duration="4000">
			<attribute key="areaEffect" value="stun" />
		</attack>
	</attacks>
	<defenses armor="25" defense="25">
		<defense name="healing" interval="2000" chance="5" min="0" max="230">
			<attribute key="areaEffect" value="blueshimmer" />
		</defense>
		<defense name="invisible" interval="2000" chance="10" duration="5000">
			<attribute key="areaEffect" value="blueshimmer" />
		</defense>
	</defenses>
	<elements>
		<element holyPercent="5" />
		<element firePercent="5" />
		<element energyPercent="15" />
		<element icePercent="15" />
	</elements>
	<immunities>
		<immunity earth="1" />
		<immunity paralyze="1" />
		<immunity invisible="1" />
	</immunities>
	<voices interval="5000" chance="10">
		<voice sentence="Munch munch munch!" />
		<voice sentence="Chatter" />
	</voices>
</monster>
