<?xml version="1.0" encoding="UTF-8"?>
<monster name="Ice Witch" nameDescription="an ice witch" race="blood" experience="580" speed="200">
	<health now="650" max="650" />
	<look type="149" head="0" body="9" legs="86" feet="86" addons="0" corpse="20423" />
	<targetchange interval="4000" chance="10" />
	<flags>
		<flag summonable="0" />
		<flag attackable="1" />
		<flag hostile="1" />
		<flag illusionable="1" />
		<flag convinceable="0" />
		<flag pushable="0" />
		<flag canpushitems="1" />
		<flag staticattack="70" />
		<flag targetdistance="4" />
		<flag runonhealth="0" />
		<flag canwalkonenergy="0" />
		<flag canwalkonfire="0" />
		<flag canwalkonpoison="0" />
	</flags>
	<attacks>
		<attack name="melee" interval="2000" min="0" max="-60" />
		<attack name="outfit" interval="2000" chance="1" range="7" item="7172" duration="4000">
			<attribute key="shootEffect" value="snowball" />
			<attribute key="areaEffect" value="blueshimmer" />
		</attack>
		<attack name="ice" interval="2000" chance="10" length="5" spread="2" min="-60" max="-130">
			<attribute key="areaEffect" value="icetornado" />
		</attack>
		<attack name="ice" interval="2000" chance="20" range="7" target="1" min="-55" max="-115">
			<attribute key="shootEffect" value="smallice" />
			<attribute key="areaEffect" value="iceattack" />
		</attack>
		<attack name="speed" interval="2000" chance="15" range="7" speedchange="-600" duration="20000">
			<attribute key="shootEffect" value="smallice" />
			<attribute key="areaEffect" value="icetornado" />
		</attack>
	</attacks>
	<defenses armor="20" defense="20">
		<defense name="healing" interval="2000" chance="25" min="90" max="120">
			<attribute key="areaEffect" value="blueshimmer" />
		</defense>
	</defenses>
	<elements>
		<element firePercent="50" />
		<element earthPercent="40" />
		<element holyPercent="30" />
		<element energyPercent="-10" />
		<element deathPercent="-10" />
	</elements>
	<immunities>
		<immunity ice="1" />
		<immunity paralyze="1" />
		<immunity invisible="1" />
	</immunities>
	<voices interval="5000" chance="10">
		<voice sentence="So you think you are cool?" />
		<voice sentence="I hope it is not too cold for you! HeHeHe." />
		<voice sentence="Freeze!" />
	</voices>
	<loot>
		<item name="gold coin" countmax="90" chance="29630" />
		<item name="clerical mace" chance="920" />
		<item name="mystic turban" chance="430" />
		<item name="green mushroom" chance="1310" />
		<item name="shard" chance="530" />
		<item name="diamond sceptre" chance="330" />
		<item id="7441" chance="10000" /><!-- ice cube -->
		<item name="crystal sword" chance="400" />
		<item name="pair of earmuffs" chance="90" />
		<item name="strong mana potion" chance="820" />
		<item name="glacier shoes" chance="280" />
	</loot>
</monster>
