<?xml version="1.0" encoding="UTF-8"?>
<monster name="Incineron" nameDescription="Incineron" race="fire" experience="3500" speed="260">
	<health now="7000" max="7000" />
	<look type="243" corpse="6324" />
	<targetchange interval="2000" chance="9" />
	<flags>
		<flag summonable="0" />
		<flag attackable="1" />
		<flag hostile="1" />
		<flag illusionable="1" />
		<flag convinceable="0" />
		<flag pushable="0" />
		<flag canpushitems="1" />
		<flag canpushcreatures="1" />
		<flag targetdistance="1" />
		<flag staticattack="90" />
		<flag runonhealth="0" />
		<flag isboss="1" />
	</flags>
	<attacks>
		<attack name="fire" interval="2000" chance="35" length="8" spread="1" min="0" max="-1000">
			<attribute key="areaEffect" value="firearea" />
		</attack>
		<attack name="fire" interval="2000" chance="35" range="7" radius="7" target="0" min="0" max="-395">
			<attribute key="shootEffect" value="fire" />
			<attribute key="areaEffect" value="firearea" />
		</attack>
	</attacks>
	<defenses armor="25" defense="25" />
	<elements>
		<element energyPercent="20" />
	</elements>
	<immunities>
		<immunity paralyze="1" />
		<immunity invisible="1" />
		<immunity fire="1" />
		<immunity ice="1" />
	</immunities>
</monster>
