<?xml version="1.0" encoding="UTF-8"?>
<monster name="Infernatil" nameDescription="Infernatil" race="fire" experience="85000" speed="605">
	<health now="270000" max="270000" />
	<look type="12" head="3" body="4" legs="132" feet="132" corpse="2916" />
	<targetchange interval="2000" chance="15" />
	<flags>
		<flag summonable="0" />
		<flag attackable="1" />
		<flag hostile="1" />
		<flag illusionable="0" />
		<flag convinceable="0" />
		<flag pushable="0" />
		<flag canpushitems="1" />
		<flag canpushcreatures="1" />
		<flag targetdistance="1" />
		<flag runonhealth="3000" />
		<flag isboss="1" />
	</flags>
	<attacks>
		<attack name="melee" interval="2000" min="0" max="-2860" />
		<attack name="firecondition" interval="1000" chance="7" range="2" min="-800" max="-1200">
			<attribute key="shootEffect" value="fire" />
			<attribute key="areaEffect" value="yellowspark" />
		</attack>
		<attack name="physical" interval="1000" chance="7" radius="6" target="0" min="-250" max="-750">
			<attribute key="areaEffect" value="explosion" />
		</attack>
		<attack name="fire" interval="1000" chance="50" radius="5" target="0" min="-200" max="-500">
			<attribute key="areaEffect" value="yellowspark" />
		</attack>
		<attack name="firefield" interval="1000" chance="4" radius="8" target="0">
			<attribute key="areaEffect" value="explosion" />
		</attack>
		<attack name="fire" interval="1000" chance="34" range="7" radius="7" target="1" min="-350" max="-850">
			<attribute key="shootEffect" value="fire" />
			<attribute key="areaEffect" value="firearea" />
		</attack>
		<attack name="fire" interval="1000" chance="13" length="8" spread="0" min="-500" max="-1000">
			<attribute key="areaEffect" value="explosion" />
		</attack>
		<attack name="fire" interval="1000" chance="10" length="8" spread="3" min="-300" max="-1500">
			<attribute key="areaEffect" value="firearea" />
		</attack>
	</attacks>
	<defenses armor="165" defense="150">
		<defense name="healing" interval="1000" chance="15" min="5000" max="10000">
			<attribute key="areaEffect" value="blueshimmer" />
		</defense>
		<defense name="healing" interval="1000" chance="25" min="2000" max="3000">
			<attribute key="areaEffect" value="blueshimmer" />
		</defense>
		<defense name="speed" interval="1000" chance="10" speedchange="1800" duration="4000">
			<attribute key="areaEffect" value="redshimmer" />
		</defense>
	</defenses>
	<immunities>
		<immunity energy="1" />
		<immunity fire="1" />
		<immunity earth="1" />
		<immunity lifedrain="1" />
		<immunity paralyze="1" />
		<immunity outfit="1" />
		<immunity drunk="1" />
		<immunity invisible="1" />
	</immunities>
	<summons maxSummons="4">
		<summon name="hellfire fighter" interval="1000" chance="8" max="4" />
	</summons>
	<voices interval="5000" chance="10">
		<voice sentence="Worship Zathroth pathetic mortal!" />
		<voice sentence="Your soul will be mine!" />
		<voice sentence="ASHES TO ASHES!" yell="1" />
		<voice sentence="YOU WILL ALL BURN!" yell="1" />
		<voice sentence="THE DAY OF RECKONING IS AT HAND!" yell="1" />
		<voice sentence="BOW TO THE POWER OF THE RUTHLESS SEVEN!" yell="1" />
	</voices>
	<loot>
		<item name="purple tome" chance="2600" />
		<item name="golden mug" chance="7500" />
		<item name="teddy bear" chance="14500" />
		<item name="ring of the sky" chance="3500" />
		<item id="2124" chance="5500" /><!-- crystal ring -->
		<item name="crystal necklace" chance="1500" />
		<item id="2142" chance="3500" /><!-- ancient amulet -->
		<item name="white pearl" countmax="15" chance="12500" />
		<item name="black pearl" countmax="15" chance="15000" />
		<item name="small diamond" countmax="5" chance="9500" />
		<item name="small sapphire" countmax="10" chance="13500" />
		<item name="gold coin" countmax="100" chance="99900" />
		<item name="gold coin" countmax="100" chance="88800" />
		<item name="gold coin" countmax="100" chance="77700" />
		<item name="gold coin" countmax="100" chance="66600" />
		<item name="small emerald" countmax="10" chance="15500" />
		<item name="small amethyst" countmax="20" chance="13500" />
		<item name="talon" countmax="7" chance="14000" />
		<item name="green gem" chance="1500" />
		<item name="blue gem" chance="1500" />
		<item id="2162" chance="11500" /><!-- magic lightwand -->
		<item name="might ring" chance="5000" />
		<item name="stealth ring" chance="9500" />
		<item name="energy ring" chance="13500" />
		<item name="silver amulet" chance="13000" />
		<item name="platinum amulet" chance="4500" />
		<item name="strange symbol" chance="2500" />
		<item name="orb" chance="12000" />
		<item name="life crystal" chance="1000" />
		<item name="mind stone" chance="4000" />
		<item name="gold ring" chance="8000" />
		<item name="snakebite rod" chance="3500" />
		<item name="necrotic rod" chance="3500" />
		<item name="moonlight rod" chance="3500" />
		<item name="wand of decay" chance="2500" />
		<item id="2192" chance="2500" /><!-- crystal ball -->
		<item name="boots of haste" chance="4000" />
		<item name="stone skin amulet" chance="4000" />
		<item name="protection amulet" chance="4500" />
		<item name="ring of healing" chance="13000" />
		<item id="2231" chance="9000" /><!-- big bone -->
		<item name="two handed sword" chance="20000" />
		<item name="double axe" chance="20000" />
		<item name="giant sword" chance="12500" />
		<item name="ice rapier" chance="7500" />
		<item name="silver dagger" chance="15500" />
		<item name="golden sickle" chance="4500" />
		<item name="thunder hammer" chance="13500" />
		<item name="fire axe" chance="17000" />
		<item name="dragon hammer" chance="4500" />
		<item name="skull staff" chance="5000" />
		<item name="devil helmet" chance="11000" />
		<item name="golden legs" chance="5000" />
		<item name="magic plate armor" chance="3000" />
		<item name="mastermind shield" chance="7500" />
		<item name="demon shield" chance="15500" />
		<item id="3955" chance="100" /><!-- voodoo doll-->
	</loot>
</monster>
