<?xml version="1.0" encoding="UTF-8"?>
<monster name="Insectoid Worker" nameDescription="an insectoid worker" race="venom" experience="650" speed="200">
	<health now="950" max="950" />
	<look type="403" corpse="13514" />
	<targetchange interval="4000" chance="10" />
	<flags>
		<flag summonable="0" />
		<flag attackable="1" />
		<flag hostile="1" />
		<flag illusionable="1" />
		<flag convinceable="0" />
		<flag pushable="0" />
		<flag canpushitems="1" />
		<flag canpushcreatures="0" />
		<flag targetdistance="1" />
		<flag staticattack="90" />
		<flag runonhealth="0" />
		<flag canwalkonenergy="0" />
		<flag canwalkonfire="0" />
	</flags>
	<attacks>
		<attack name="melee" interval="2000" min="0" max="-163" poison="160" />
	</attacks>
	<defenses armor="15" defense="15" />
	<elements>
		<element physicalPercent="5" />
		<element firePercent="-10" />
		<element energyPercent="-5" />
		<element icePercent="-5" />
	</elements>
	<immunities>
		<immunity earth="1" />
		<immunity invisible="1" />
	</immunities>
	<loot>
		<item name="gold coin" countmax="90" chance="100000" />
		<item name="small emerald" chance="2880" />
		<item name="epee" chance="560" />
		<item name="health potion" chance="5090" />
		<item name="compound eye" chance="15380" />
		<item id="15622" chance="14990" /><!-- dung ball -->
	</loot>
</monster>
