<?xml version="1.0" encoding="UTF-8"?>
<monster name="Jagged Earth Elemental" nameDescription="a jagged earth elemental" race="undead" experience="1300" speed="280">
	<health now="1500" max="1500" />
	<look type="285" corpse="8933" />
	<targetchange interval="20000" chance="50" />
	<flags>
		<flag summonable="0" />
		<flag attackable="1" />
		<flag hostile="1" />
		<flag illusionable="0" />
		<flag convinceable="0" />
		<flag pushable="0" />
		<flag canpushitems="1" />
		<flag staticattack="80" />
		<flag targetdistance="1" />
		<flag runonhealth="0" />
	</flags>
	<attacks>
		<attack name="melee" interval="2000" min="0" max="-300" />
		<attack name="earth" interval="1000" chance="10" length="6" spread="0" min="-100" max="-250">
			<attribute key="areaEffect" value="stones" />
		</attack>
		<attack name="earth" interval="1000" chance="11" target="1" range="7" radius="6" min="0" max="-200">
			<attribute key="shootEffect" value="smallearth" />
			<attribute key="areaEffect" value="poison" />
		</attack>
	</attacks>
	<defenses armor="25" defense="25" />
	<elements>
		<element deathPercent="20" />
		<element icePercent="20" />
		<element energyPercent="20" />
		<element firePercent="-25" />
	</elements>
	<immunities>
		<immunity paralyze="1" />
		<immunity invisible="1" />
		<immunity earth="1" />
	</immunities>
	<voices interval="5000" chance="10">
		<voice sentence="Stomp STOMP" />
	</voices>
	<loot>
		<item name="gold coin" countmax="90" chance="27000" />
		<item name="gold coin" countmax="90" chance="27000" />
		<item name="gold coin" countmax="10" chance="1500" />
		<item name="small emerald" countmax="2" chance="3750" />
		<item id="2244" chance="10000" /><!-- leaves -->
		<item name="twigs" chance="18000" />
		<item name="iron ore" countmax="2" chance="800" />
		<item name="seeds" chance="1600" />
		<item name="natural soil" chance="9000" />
	</loot>
</monster>
