<?xml version="1.0" encoding="UTF-8"?>
<monster name="Jaul" nameDescription="Jaul" race="blood" experience="30000" speed="560">
	<health now="90000" max="90000" />
	<look type="444" corpse="15220" />
	<targetchange interval="2000" chance="50" />
	<flags>
		<flag summonable="0" />
		<flag attackable="1" />
		<flag hostile="1" />
		<flag illusionable="0" />
		<flag convinceable="0" />
		<flag pushable="1" />
		<flag canpushitems="1" />
		<flag canpushcreatures="1" />
		<flag targetdistance="1" />
		<flag runonhealth="60" />
		<flag isboss="1" />
	</flags>
	<attacks>
		<attack name="melee" interval="2000" min="0" max="-2000" poison="870" />
		<attack name="fire" interval="2200" chance="19" range="7" radius="7" target="1" min="0" max="-1000">
			<attribute key="shootEffect" value="fire" />
			<attribute key="areaEffect" value="firearea" />
		</attack>
		<attack name="manadrain" interval="3000" chance="32" range="7" radius="7" target="1" min="-200" max="-800">
			<attribute key="areaEffect" value="mortarea" />
		</attack>
		<attack name="earth" interval="1300" chance="27" radius="3" target="0" min="0" max="-600">
			<attribute key="areaEffect" value="explosionarea" />
		</attack>
		<attack name="death" interval="1200" chance="6" length="8" spread="0" min="-300" max="-900">
			<attribute key="areaEffect" value="mortarea" />
		</attack>
		<attack name="fire" interval="1000" chance="5" length="8" spread="0" min="-500" max="-1000">
			<attribute key="areaEffect" value="fire" />
		</attack>
		<attack name="ice" interval="1000" chance="5" length="8" spread="0" min="-1000" max="-2000">
			<attribute key="areaEffect" value="icearea" />
		</attack>
		<attack name="lifedrain" interval="4000" chance="10" length="8" spread="3" min="-500" max="-1000">
			<attribute key="areaEffect" value="watersplash" />
		</attack>
		<attack name="speed" interval="1900" chance="14" range="7" radius="1" target="1" speedchange="-600" duration="15000" />
	</attacks>
	<defenses armor="40" defense="40">
		<defense name="healing" interval="2000" chance="25" min="1000" max="2300">
			<attribute key="areaEffect" value="blueshimmer" />
		</defense>
		<defense name="healing" interval="5500" chance="10" min="14000" max="21000">
			<attribute key="areaEffect" value="blueshimmer" />
		</defense>
	</defenses>
	<elements>
		<element deathPercent="-1" />
	</elements>
	<immunities>
		<immunity ice="1" />
		<immunity paralyze="1" />
		<immunity drown="1" />
		<immunity fire="1" />
		<immunity invisible="1" />
	</immunities>
	<voices interval="5000" chance="10">
		<voice sentence="QJELL AFAR GOU JEY!!" />
		<voice sentence="DIE!! KENH!!" />
	</voices>
	<loot>
		<item name="deepling axe" chance="25000" />
		<item name="ornate chestplate" chance="25000" />
		<item name="depth lorica" chance="20000" />
		<item id="15408" chance="33333" /><!-- depth galea -->
		<item name="depth calcei" chance="14285" />
		<item name="ornate legs" chance="7142" />
		<item name="ornate shield" chance="50000" />
		<item name="ornate mace" chance="14285" />
	</loot>
</monster>
