<?xml version="1.0" encoding="UTF-8"?>
<monster name="Killer Rabbit" nameDescription="a killer rabbit" race="blood" experience="160" speed="300" manacost="220">
	<health now="205" max="205" />
	<look type="74" corpse="6017" />
	<targetchange interval="5000" chance="20" />
	<flags>
		<flag summonable="0" />
		<flag attackable="1" />
		<flag hostile="1" />
		<flag illusionable="0" />
		<flag convinceable="0" />
		<flag pushable="0" />
		<flag canpushitems="1" />
		<flag canpushcreatures="1" />
		<flag targetdistance="1" />
		<flag staticattack="90" />
		<flag runonhealth="0" />
		<flag canwalkonenergy="0" />
		<flag canwalkonfire="0" />
		<flag canwalkonpoison="0" />
	</flags>
	<attacks>
		<attack name="melee" interval="1200" min="0" max="-100" />
		<attack name="physical" interval="2000" chance="30" range="1" min="0" max="-50" />
	</attacks>
	<defenses armor="30" defense="35">
		<defense name="speed" interval="1000" chance="40" speedchange="380" duration="8000">
			<attribute key="areaEffect" value="energy" />
		</defense>
		<defense name="invisible" interval="2000" chance="30" duration="2000">
			<attribute key="areaEffect" value="blueshimmer" />
		</defense>
	</defenses>
	<summons maxSummons="2">
		<summon name="killer rabbit" interval="2000" chance="30" max="2" />
	</summons>
	<voices interval="5000" chance="10">
		<voice sentence="Who is lunch NOW?" />
	</voices>
	<loot>
		<item name="gold coin" countmax="90" chance="50000" />
	</loot>
</monster>
