<?xml version="1.0" encoding="UTF-8"?>
<monster name="Kollos" nameDescription="Kollos" race="venom" experience="2400" speed="200">
	<health now="3800" max="3800" />
	<look type="458" corpse="15354" />
	<targetchange interval="4000" chance="10" />
	<flags>
		<flag summonable="0" />
		<flag attackable="1" />
		<flag hostile="1" />
		<flag illusionable="0" />
		<flag convinceable="0" />
		<flag pushable="1" />
		<flag canpushitems="1" />
		<flag canpushcreatures="1" />
		<flag targetdistance="1" />
		<flag runonhealth="0" />
		<flag canwalkonenergy="0" />
	</flags>
	<attacks>
		<attack name="melee" interval="2000" min="0" max="-315" />
		<attack name="physical" interval="2000" chance="15" target="1" range="7" radius="3" min="0" max="-500">
			<attribute key="shootEffect" value="explosion" />
			<attribute key="areaEffect" value="explosion" />
		</attack>
	</attacks>
	<defenses armor="35" defense="35" />
	<elements>
		<element firePercent="30" />
		<element energyPercent="5" />
		<element deathPercent="-5" />
		<element icePercent="-5" />
	</elements>
	<immunities>
		<immunity earth="1" />
		<immunity invisible="1" />
	</immunities>
	<voices interval="5000" chance="10">
		<voice sentence="Zopp!" />
		<voice sentence="Flzlzlzlzlzlz!" />
	</voices>
	<loot>
		<item name="small ruby" countmax="2" chance="8180" />
		<item name="gold coin" countmax="100" chance="49000" />
		<item name="gold coin" countmax="97" chance="50000" />
		<item name="platinum coin" countmax="3" chance="66000" />
		<item name="ring of healing" chance="3270" />
		<item name="steel boots" chance="130" />
		<item name="great mana potion" countmax="4" chance="8950" />
		<item id="7632" chance="2600" /><!-- giant shimmering pearl -->
		<item name="ultimate health potion" countmax="3" chance="4000" />
		<item name="gold ingot" chance="5160" />
		<item name="kollos shell" chance="15390" />
		<item name="compound eye" chance="15720" />
		<item name="calopteryx cape" chance="360" />
		<item name="carapace shield" chance="310" />
		<item name="hive scythe" chance="700" />
		<item name="buggy backpack" chance="460" />
		<item name="tarsal arrow" countmax="5" chance="10210" />
	</loot>
</monster>
