<?xml version="1.0" encoding="UTF-8"?>
<monster name="Ladybug" nameDescription="a ladybug" race="venom" experience="70" speed="200">
	<health now="255" max="255" />
	<look type="448" corpse="15272" />
	<targetchange interval="5000" chance="0" />
	<flags>
		<flag summonable="0" />
		<flag attackable="1" />
		<flag hostile="1" />
		<flag illusionable="0" />
		<flag convinceable="0" />
		<flag pushable="1" />
		<flag canpushitems="1" />
		<flag canpushcreatures="1" />
		<flag targetdistance="1" />
		<flag runonhealth="60" />
	</flags>
	<attacks>
		<attack name="melee" interval="2000" min="0" max="-4" />
		<attack name="earth" interval="2000" chance="15" range="1" min="0" max="-20">
			<attribute key="shootEffect" value="poison" />
		</attack>
		<attack name="earth" interval="2000" chance="15" range="7" min="0" max="-20">
			<attribute key="shootEffect" value="poison" />
		</attack>
	</attacks>
	<defenses armor="10" defense="10" />
	<elements>
		<element earthPercent="5" />
		<element physicalPercent="-5" />
		<element firePercent="-5" />
		<element icePercent="-5" />
	</elements>
	<immunities>
		<immunity invisible="1" />
	</immunities>
	<voices interval="5000" chance="10">
		<voice sentence="Nee pah!" />
	</voices>
	<loot>
		<item name="gold coin" countmax="40" chance="65000" />
	</loot>
</monster>
