<?xml version="1.0" encoding="UTF-8"?>
<monster name="Lava Golem" nameDescription="a lava golem" race="fire" experience="6200" speed="290">
	<health now="9000" max="9000" />
	<look type="491" corpse="17333" />
	<targetchange interval="5000" chance="0" />
	<flags>
		<flag summonable="0" />
		<flag attackable="1" />
		<flag hostile="1" />
		<flag illusionable="0" />
		<flag convinceable="0" />
		<flag pushable="0" />
		<flag canpushitems="1" />
		<flag canpushcreatures="1" />
		<flag targetdistance="1" />
		<flag staticattack="90" />
		<flag runonhealth="0" />
		<flag canwalkonenergy="0" />
	</flags>
	<attacks>
		<attack name="melee" interval="2000" min="0" max="-400" />
		<attack name="fire" interval="2000" chance="15" length="8" spread="0" min="-350" max="-700">
			<attribute key="areaEffect" value="fireattack" />
		</attack>
		<attack name="manadrain" interval="2000" chance="10" length="8" spread="0" min="-600" max="-1300">
			<attribute key="areaEffect" value="mortarea" />
		</attack>
		<attack name="lava golem soulfire" interval="2000" chance="15" />
		<attack name="fire" interval="2000" chance="15" radius="4" target="1" min="-220" max="-350">
			<attribute key="areaEffect" value="firearea" />
		</attack>
		<attack name="speed" interval="2000" chance="10" target="0" length="5" spread="3" speedchange="-800" duration="30000">
			<attribute key="areaEffect" value="yellowspark" />
		</attack>
		<attack name="fire" interval="2000" chance="30" target="0" radius="3" min="-280" max="-350">
			<attribute key="areaEffect" value="fire" />
		</attack>
	</attacks>
	<defenses armor="60" defense="60" />
	<elements>
		<element icePercent="-5" />
		<element physicalPercent="5" />
		<element energyPercent="5" />
		<element deathPercent="5" />
	</elements>
	<immunities>
		<immunity fire="1" />
		<immunity earth="1" />
		<immunity paralyze="1" />
		<immunity invisible="1" />
	</immunities>
	<voices interval="5000" chance="10">
		<voice sentence="Grrrrunt" />
	</voices>
	<loot>
		<item name="gold coin" countmax="100" chance="50000" />
		<item name="gold coin" countmax="99" chance="50000" />
		<item name="platinum coin" countmax="11" chance="100000" />
		<item name="yellow gem" chance="6480" />
		<item name="red gem" chance="1180" />
		<item name="wand of inferno" chance="2950" />
		<item name="fire sword" chance="1710" />
		<item name="fire axe" chance="1560" />
		<item name="crown shield" chance="1180" />
		<item name="iron ore" chance="11570" />
		<item name="white piece of cloth" chance="4810" />
		<item name="red piece of cloth" chance="3530" />
		<item name="yellow piece of cloth" chance="7230" />
		<item name="strong health potion" countmax="2" chance="18830" />
		<item name="strong mana potion" countmax="2" chance="18150" />
		<item name="great mana potion" countmax="2" chance="16030" />
		<item name="mana potion" countmax="2" chance="20720" />
		<item name="magma amulet" chance="2900" />
		<item name="magma boots" chance="2650" />
		<item name="magma coat" chance="430" />
		<item name="ultimate health potion" chance="15390" />
		<item name="spellbook of mind control" chance="450" />
		<item name="fiery heart" chance="13510" />
		<item name="wand of everblazing" chance="1390" />
		<item name="violet crystal shard" chance="6200" />
		<item name="green crystal splinter" countmax="2" chance="13990" />
		<item name="red crystal fragment" chance="10990" />
		<item name="magma clump" countmax="2" chance="15370" />
		<item name="blazing bone" chance="15200" />
		<item name="prismatic bolt" countmax="5" chance="12580" />
	</loot>
</monster>
