<?xml version="1.0" encoding="UTF-8"?>
<monster name="Lesser Swarmer" nameDescription="a lesser swarmer" race="venom" experience="0" speed="180">
	<health now="230" max="230" />
	<look type="460" corpse="15388" />
	<targetchange interval="5000" chance="0" />
	<flags>
		<flag summonable="0" />
		<flag attackable="1" />
		<flag hostile="1" />
		<flag illusionable="0" />
		<flag convinceable="0" />
		<flag pushable="0" />
		<flag canpushitems="0" />
		<flag canpushcreatures="0" />
		<flag targetdistance="1" />
		<flag runonhealth="0" />
	</flags>
	<attacks>
		<attack name="melee" interval="2000" min="0" max="-77" poison="60" />
		<attack name="lifedrain" interval="2000" chance="15" range="5" target="1" min="-15" max="-70">
			<attribute key="areaEffect" value="redshimmer" />
		</attack>
	</attacks>
	<defenses armor="5" defense="5" />
	<immunities>
		<immunity earth="1" />
	</immunities>
</monster>
