<?xml version="1.0" encoding="UTF-8"?>
<monster name="Lizard Snakecharmer" nameDescription="a lizard snakecharmer" race="blood" experience="210" speed="184">
	<health now="325" max="325" />
	<look type="115" corpse="6041" />
	<targetchange interval="4000" chance="10" />
	<flags>
		<flag summonable="0" />
		<flag attackable="1" />
		<flag hostile="1" />
		<flag illusionable="1" />
		<flag convinceable="0" />
		<flag pushable="1" />
		<flag canpushitems="1" />
		<flag canpushcreatures="0" />
		<flag targetdistance="4" />
		<flag staticattack="80" />
		<flag runonhealth="0" />
		<flag canwalkonenergy="0" />
		<flag canwalkonfire="0" />
	</flags>
	<attacks>
		<attack name="melee" interval="2000" min="0" max="-30" />
		<attack name="poisoncondition" interval="2000" chance="15" range="7" min="-100" max="-200">
			<attribute key="shootEffect" value="poison" />
		</attack>
		<attack name="earth" interval="2000" chance="15" range="7" radius="1" target="1" min="-50" max="-110">
			<attribute key="shootEffect" value="poison" />
			<attribute key="areaEffect" value="greenbubble" />
		</attack>
	</attacks>
	<defenses armor="22" defense="22">
		<defense name="healing" interval="2000" chance="50" min="50" max="100">
			<attribute key="areaEffect" value="blueshimmer" />
		</defense>
		<defense name="invisible" interval="2000" chance="20" duration="3000">
			<attribute key="areaEffect" value="blueshimmer" />
		</defense>
	</defenses>
	<elements>
		<element energyPercent="20" />
		<element icePercent="20" />
		<element physicalPercent="-10" />
		<element firePercent="-10" />
	</elements>
	<immunities>
		<immunity invisible="1" />
		<immunity earth="1" />
	</immunities>
	<summons maxSummons="6">
		<summon name="cobra" interval="2000" chance="20" />
	</summons>
	<voices interval="5000" chance="10">
		<voice sentence="I ssssmell warm blood!" />
		<voice sentence="Shhhhhhhh" />
	</voices>
	<loot>
		<item name="gold coin" countmax="55" chance="83740" />
		<item id="3077" chance="45000" /><!-- dead snake -->
		<item name="cape" chance="8640" />
		<item name="life crystal" chance="1430" />
		<item name="lizard leather" chance="1320" />
		<item name="lizard scale" chance="1000" />
		<item name="terra rod" chance="980" />
		<item name="mana potion" chance="700" />
		<item name="small amethyst" chance="370" />
		<item name="life ring" chance="190" />
		<item name="snakebite rod" chance="120" />
		<item name="charmer's tiara" chance="100" />
		<item name="yellow gem" chance="30" />
	</loot>
</monster>
