<?xml version="1.0" encoding="UTF-8"?>
<monster name="Lizard Magistratus" nameDescription="a lizard magistratus" race="blood" experience="2000" speed="200">
	<health now="8000" max="8000" />
	<look type="115" corpse="6041" />
	<targetchange interval="4000" chance="10" />
	<flags>
		<flag summonable="0" />
		<flag attackable="1" />
		<flag hostile="1" />
		<flag illusionable="1" />
		<flag convinceable="0" />
		<flag pushable="1" />
		<flag canpushitems="1" />
		<flag canpushcreatures="0" />
		<flag targetdistance="4" />
		<flag staticattack="90" />
		<flag runonhealth="0" />
		<flag canwalkonenergy="0" />
	</flags>
	<attacks>
		<attack name="melee" interval="2000" min="0" max="-60" />
		<attack name="lizard magistratus curse" interval="2000" chance="10" range="5" />
	</attacks>
	<defenses armor="15" defense="15">
		<defense name="healing" interval="2000" chance="50" min="200" max="250">
			<attribute key="areaEffect" value="blueshimmer" />
		</defense>
	</defenses>
	<elements>
		<element firePercent="80" />
	</elements>
	<immunities>
		<immunity invisible="1" />
	</immunities>
	<voices interval="5000" chance="10">
		<voice sentence="Shhhhhhhh" />
	</voices>
	<loot>
		<item name="small ruby" countmax="5" chance="8970" />
		<item name="gold coin" countmax="50" chance="77230" />
		<item name="platinum coin" countmax="19" chance="13400" />
		<item name="lizard leather" chance="220" />
		<item name="lizard scale" chance="450" />
		<item name="strong mana potion" chance="6280" />
		<item name="great mana potion" chance="4480" />
	</loot>
</monster>
