<?xml version="1.0" encoding="UTF-8"?>
<monster name="Blazing Fire Elemental" nameDescription="a blazing fire elemental" race="fire" experience="450" speed="190">
	<health now="650" max="650" />
	<look type="49" corpse="8964" />
	<targetchange interval="5000" chance="8" />
	<flags>
		<flag summonable="0" />
		<flag attackable="1" />
		<flag hostile="1" />
		<flag illusionable="1" />
		<flag convinceable="0" />
		<flag pushable="0" />
		<flag canpushitems="1" />
		<flag canpushcreatures="0" />
		<flag targetdistance="1" />
		<flag staticattack="90" />
		<flag runonhealth="0" />
		<flag canwalkonenergy="0" />
		<flag canwalkonpoison="0" />
	</flags>
	<attacks>
		<attack name="melee" interval="2000" min="0" max="-100" />
		<attack name="fire" interval="1000" chance="13" radius="5" target="0" min="-65" max="-205">
			<attribute key="areaEffect" value="firearea" />
		</attack>
		<attack name="fire" interval="1000" chance="12" range="7" radius="5" target="1" min="-110" max="-150">
			<attribute key="shootEffect" value="fire" />
			<attribute key="areaEffect" value="firearea" />
		</attack>
		<attack name="firefield" interval="1000" chance="15" range="7" radius="1" target="1">
			<attribute key="shootEffect" value="fire" />
		</attack>
	</attacks>
	<defenses armor="20" defense="20" />
	<elements>
		<element icePercent="-25" />
		<element energyPercent="20" />
		<element deathPercent="30" />
	</elements>
	<immunities>
		<immunity fire="1" />
		<immunity invisible="1" />
	</immunities>
	<loot>
		<item name="gold coin" countmax="100" chance="35000" />
		<item name="gold coin" countmax="25" chance="35000" />
		<item name="fiery heart" chance="6300" />
		<item name="glimmering soil" chance="4000" />
		<item name="flaming arrow" countmax="3" chance="3600" />
		<item id="13757" chance="740" /><!-- coal -->
	</loot>
</monster>
