<?xml version="1.0" encoding="UTF-8"?>
<monster name="Brimstone Bug" namedescription="a brimstone bug" race="venom" experience="900" speed="200">
	<health now="1300" max="1300" />
	<look type="352" corpse="12527" />
	<targetchange interval="4000" chance="10" />
	<flags>
		<flag summonable="0" />
		<flag attackable="1" />
		<flag hostile="1" />
		<flag illusionable="0" />
		<flag convinceable="0" />
		<flag pushable="0" />
		<flag canpushitems="1" />
		<flag canpushcreatures="0" />
		<flag targetdistance="1" />
		<flag staticattack="90" />
		<flag runonhealth="0" />
		<flag canwalkonenergy="0" />
		<flag canwalkonfire="0" />
	</flags>
	<attacks>
		<attack name="melee" interval="2000" min="0" max="-213" poison="400" />
		<attack name="speed" interval="2000" chance="20" range="7" speedchange="-600" duration="10000">
			<attribute key="shootEffect" value="death" />
			<attribute key="areaEffect" value="mortarea" />
		</attack>
		<attack name="earth" interval="2000" chance="5" radius="6" target="0" min="-140" max="-310">
			<attribute key="areaEffect" value="smallplants" />
		</attack>
		<attack name="manadrain" interval="2000" chance="10" length="6" spread="0" min="-130" max="-200">
			<attribute key="areaEffect" value="greenspark" />
		</attack>
		<attack name="earth" interval="2000" chance="15" length="8" spread="3" min="-80" max="-120">
			<attribute key="areaEffect" value="yellowbubble" />
		</attack>
	</attacks>
	<defenses armor="25" defense="25" />
	<elements>
		<element firePercent="-10" />
		<element icePercent="-10" />
		<element holyPercent="-10" />
		<element energyPercent="-10" />
		<element physicalPercent="-5" />
	</elements>
	<immunities>
		<immunity lifedrain="1" />
		<immunity death="1" />
		<immunity earth="1" />
		<immunity invisible="1" />
	</immunities>
	<voices interval="5000" chance="10">
		<voice sentence="Chrrr!" />
	</voices>
	<loot>
		<item name="gold coin" countmax="100" chance="50000" />
		<item name="gold coin" countmax="100" chance="50000" />
		<item name="small emerald" countmax="4" chance="2702" />
		<item name="stealth ring" chance="892" />
		<item name="platinum amulet" chance="110" />
		<item name="magic sulphur" chance="1639" />
		<item name="strong health potion" chance="9003" />
		<item name="strong mana potion" chance="9025" />
		<item name="poisonous slime" chance="50000" />
		<item name="lump of earth" chance="20000" />
		<item name="sulphurous stone" chance="14970" />
		<item name="brimstone fangs" chance="5710" />
		<item name="brimstone shell" chance="10000" />
	</loot>
</monster>
