<?xml version="1.0" encoding="UTF-8"?>
<monster name="Captain Jones" nameDescription="Captain Jones" race="undead" experience="620" speed="200">
	<health now="555" max="555" />
	<look type="196" corpse="5566" />
	<targetchange interval="4000" chance="10" />
	<flags>
		<flag summonable="0" />
		<flag attackable="1" />
		<flag hostile="1" />
		<flag illusionable="0" />
		<flag convinceable="0" />
		<flag pushable="0" />
		<flag canpushitems="1" />
		<flag canpushcreatures="1" />
		<flag staticattack="90" />
		<flag targetdistance="1" />
		<flag runonhealth="0" />
		<flag isboss="1" />
	</flags>
	<attacks>
		<attack name="melee" interval="2000" min="0" max="-100" />
		<attack name="death" interval="2000" chance="10" target="1" range="7" min="-50" max="-90">
			<attribute key="shootEffect" value="death" />
			<attribute key="areaEffect" value="smallclouds" />
		</attack>
		<attack name="outfit" interval="2000" chance="5" target="1" range="7" monster="skeleton" duration="4000">
			<attribute key="shootEffect" value="explosion" />
		</attack>
	</attacks>
	<defenses>
		<defense name="healing" interval="2000" chance="5" min="40" max="70">
			<attribute key="areaEffect" value="blueshimmer" />
		</defense>
	</defenses>
	<elements>
		<element holyPercent="-5" />
	</elements>
	<immunities>
		<immunity physical="1" />
		<immunity paralyze="1" />
		<immunity lifedrain="1" />
		<immunity physical="1" />
	</immunities>
	<loot>
		<item name="gold coin" countmax="100" chance="50000" />
		<item name="gold coin" countmax="50" chance="50000" />
		<item name="stealth ring" chance="20000" />
		<item name="crown legs" chance="5000" />
		<item name="focus cape" chance="5000" />
		<item name="red robe" chance="5000" />
		<item name="spike sword" chance="5000" />
	</loot>
</monster>
