<?xml version="1.0" encoding="UTF-8"?>
<monster name="Cat" nameDescription="a cat" race="blood" experience="0" speed="190" manacost="220">
	<health now="20" max="20" />
	<look type="276" corpse="7637" />
	<targetchange interval="4000" chance="0" />
	<flags>
		<flag summonable="1" />
		<flag attackable="1" />
		<flag hostile="0" />
		<flag illusionable="1" />
		<flag convinceable="1" />
		<flag pushable="1" />
		<flag canpushitems="0" />
		<flag canpushcreatures="0" />
		<flag targetdistance="1" />
		<flag runonhealth="8" />
		<flag canwalkonenergy="0" />
		<flag canwalkonfire="0" />
		<flag canwalkonpoison="0" />
	</flags>
	<attacks>
		<attack name="melee" interval="2000" min="0" max="0" />
	</attacks>
	<defenses armor="5" defense="5" />
	<voices interval="5000" chance="10">
		<voice sentence="Mew!" />
		<voice sentence="Meow!" />
		<voice sentence="Meow meow!" />
	</voices>
</monster>
