<?xml version="1.0" encoding="UTF-8"?>
<monster name="Corym Charlatan" nameDescription="a corym charlatan" race="blood" experience="150" speed="180" manacost="490">
	<health now="250" max="250" />
	<look type="532" head="0" body="78" legs="59" feet="0" corpse="19725" />
	<targetchange interval="5000" chance="0" />
	<flags>
		<flag summonable="1" />
		<flag attackable="1" />
		<flag hostile="1" />
		<flag illusionable="1" />
		<flag convinceable="1" />
		<flag pushable="0" />
		<flag canpushitems="1" />
		<flag canpushcreatures="0" />
		<flag targetdistance="1" />
		<flag staticattack="90" />
		<flag runonhealth="0" />
		<flag canwalkonenergy="0" />
		<flag canwalkonfire="0" />
		<flag canwalkonpoison="0" />
	</flags>
	<attacks>
		<attack name="melee" interval="2000" min="0" max="-100" />
	</attacks>
	<defenses armor="17" defense="17" />
	<elements>
		<element earthPercent="25" />
		<element deathPercent="15" />
		<element energyPercent="25" />
		<element holyPercent="-5" />
	</elements>
	<voices interval="5000" chance="10">
		<voice sentence="Mehehe!" />
		<voice sentence="Beware! Me hexing you!" />
	</voices>
	<loot>
		<item name="gold coin" countmax="35" chance="50000" />
		<item id="2696" chance="10000" /><!-- cheese -->
		<item name="bola" chance="7692" />
		<item name="spike shield" chance="492" />
		<item name="ratana" chance="909" />
		<item name="life preserver" chance="854" />
		<item name="cheese cutter" chance="5882" />
		<item name="cheesy figurine" chance="518" />
		<item name="earflap" chance="7142" />
		<item name="soft cheese" chance="12500" />
		<item name="rat cheese" chance="14285" />
		<item name="leather harness" chance="537" />
	</loot>
</monster>
