<?xml version="1.0" encoding="UTF-8"?>
<monster name="Darakan the Executioner" nameDescription="Darakan the Executioner" race="blood" experience="1600" speed="205">
	<health now="3480" max="3480" />
	<look type="255" head="78" body="95" legs="0" feet="95" corpse="7349" />
	<flags>
		<flag summonable="0" />
		<flag attackable="1" />
		<flag hostile="1" />
		<flag illusionable="0" />
		<flag convinceable="0" />
		<flag pushable="0" />
		<flag canpushitems="1" />
		<flag targetdistance="1" />
		<flag canwalkonenergy="0" />
		<flag canwalkonfire="0" />
		<flag canwalkonpoison="0" />
	</flags>
	<attacks>
		<attack name="melee" interval="2000" min="0" max="-210" />
		<attack name="physical" interval="1000" chance="100" min="-72" max="-130">
			<attribute key="shootEffect" value="spear" />
		</attack>
	</attacks>
	<defenses armor="30" defense="31">
		<defense name="healing" interval="6000" chance="65" min="20" max="50">
			<attribute key="areaEffect" value="blueshimmer" />
		</defense>
	</defenses>
	<elements>
		<element icePercent="15" />
		<element firePercent="-15" />
	</elements>
	<immunities>
		<immunity outfit="1" />
		<immunity drunk="1" />
		<immunity invisible="1" />
	</immunities>
	<voices interval="2000" chance="5">
		<voice sentence="FIGHT LIKE A BARBARIAN!" yell="1" />
		<voice sentence="VICTORY IS MINE!" yell="1" />
		<voice sentence="I AM your father!" />
		<voice sentence="To be the man you have to beat the man!" />
	</voices>
</monster>
