<?xml version="1.0" encoding="UTF-8"?>
<monster name="Dawnfire Asura" nameDescription="a dawnfire asura" race="blood" experience="4100" speed="210">
	<health now="2900" max="2900" />
	<look type="150" head="114" body="94" legs="78" feet="79" addons="1" corpse="24643" />
	<targetchange interval="4000" chance="10" />
	<flags>
		<flag summonable="0" />
		<flag attackable="1" />
		<flag hostile="1" />
		<flag illusionable="0" />
		<flag convinceable="0" />
		<flag pushable="0" />
		<flag canpushitems="1" />
		<flag canpushcreatures="1" />
		<flag targetdistance="1" />
		<flag staticattack="80" />
		<flag runonhealth="0" />
	</flags>
	<attacks>
		<attack name="melee" interval="2000" min="0" max="-269" />
		<attack name="manadrain" interval="2000" chance="10" range="7" min="0" max="-70" />
		<attack name="firefield" interval="2000" chance="10" range="7" radius="1" target="1">
			<attribute key="shootEffect" value="fire" />
		</attack>
		<attack name="lifedrain" interval="2000" chance="10" length="8" spread="0" min="-50" max="-200">
			<attribute key="areaEffect" value="purpleenergy" />
		</attack>
		<attack name="energy strike" interval="2000" chance="10" range="1" min="-10" max="-100">
		</attack>
		<attack name="speed" interval="2000" chance="15" radius="1" target="1" speedchange="-100" duration="30000">
			<attribute key="areaEffect" value="redshimmer" />
		</attack>
	</attacks>
	<defenses armor="55" defense="55">
		<defense name="healing" interval="2000" chance="15" min="50" max="100">
			<attribute key="areaEffect" value="blueshimmer" />
		</defense>
		<defense name="speed" interval="2000" chance="15" speedchange="320" duration="5000">
			<attribute key="areaEffect" value="redshimmer" />
		</defense>
	</defenses>
	<elements>
		<element icePercent="20" />
		<element firePercent="20" />
		<element energyPercent="-10" />
		<element earthPercent="-15" />
	</elements>
	<immunities>
		<immunity death="1" />
		<immunity paralyze="1" />
		<immunity invisible="1" />
	</immunities>
	<voices interval="2000" chance="7">
		<voice sentence="Encounter the flames of destiny!" />
		<voice sentence="Fire and destruction!" yell="1" />
		<voice sentence="I will end your torment. Do not run, little mortal." />
		<voice sentence="Join me, brothers, for a BLOODY FRENZY!" />
	</voices>
	<loot>
		<item id="2148" countmax="100" chance="100000" /><!-- gold coin -->
		<item id="2148" countmax="100" chance="80000" /><!-- gold coin -->
		<item id="2148" countmax="42" chance="60000" /><!-- gold coin -->
		<item id="2152" countmax="6" chance="18200" /><!-- fish -->
		<item id="6558" chance="2000" /><!-- concentrated demonic blood -->
		<item id="7590" chance="2000" /><!-- great mana potion -->
		<item id="2150" countmax="3" chance="210" /><!-- small amethyst -->
		<item id="2145" countmax="3" chance="300" /><!-- small diamond -->
		<item id="2149" countmax="3" chance="300" /><!-- small emeralds -->
		<item id="2147" countmax="3" chance="350" /><!-- small rubbie -->
		<item id="9970" countmax="3" chance="280" /><!-- small topaz -->
		<item id="2158" chance="300" /><!-- blue gem -->
		<item id="6300" chance="260" /><!-- death ring -->
		<item id="6500" chance="330" /><!-- demonic essence -->
		<item id="8871" chance="220" /><!--  focus cape -->
		<item id="24630" chance="500" /><!-- golden lotus brooch -->
		<item id="7899" chance="100" /><!-- magma coat -->
		<item id="2194" chance="400" /><!-- mysterious fetish -->
		<item id="2663" chance="300" /><!-- mystic turban -->
		<item id="24637" chance="300" /><!-- oriental shoes -->
		<item id="24631" chance="500" /><!-- peacock feather fan -->
		<item id="5911" chance="300" /><!-- red piece of cloth -->
		<item id="2133" chance="400" /><!--  ruby necklace -->
		<item id="2134" chance="900" /><!-- silver brooch -->
		<item id="5944" chance="300" /><!-- soul orb -->
		<item id="8902" chance="100" /><!-- spellbook of mind control -->
		<item id="2187" chance="200" /><!-- wand of inferno -->
	</loot>
</monster>
