<?xml version="1.0" encoding="UTF-8"?>
<monster name="Deepling Tyrant" nameDescription="a deepling tyrant" race="blood" experience="4200" speed="260">
	<health now="4900" max="4900" />
	<look type="442" corpse="15188" />
	<targetchange interval="4000" chance="10" />
	<flags>
		<flag summonable="0" />
		<flag attackable="1" />
		<flag hostile="1" />
		<flag illusionable="0" />
		<flag convinceable="0" />
		<flag pushable="1" />
		<flag canpushitems="1" />
		<flag canpushcreatures="1" />
		<flag targetdistance="1" />
		<flag staticattack="70" />
		<flag runonhealth="20" />
		<flag canwalkonenergy="0" />
		<flag canwalkonpoison="0" />
	</flags>
	<attacks>
		<attack name="melee" interval="2000" min="0" max="-501" />
		<attack name="physical" interval="2000" chance="20" range="7" target="1" min="0" max="-375">
			<attribute key="shootEffect" value="whirlwindsword" />
		</attack>
		<attack name="drown" interval="2000" chance="15" range="7" target="1" min="-180" max="-215">
			<attribute key="shootEffect" value="spear" />
			<attribute key="areaEffect" value="bluebubble" />
		</attack>
	</attacks>
	<defenses armor="45" defense="45">
		<defense name="healing" interval="2000" chance="15" min="200" max="400">
			<attribute key="areaEffect" value="blueshimmer" />
		</defense>
	</defenses>
	<immunities>
		<immunity invisible="1" />
		<immunity ice="1" />
		<immunity paralyze="1" />
		<immunity drown="1" />
		<immunity fire="1" />
	</immunities>
	<voices interval="5000" chance="10">
		<voice sentence="QJELL NETA NA!!" />
	</voices>
	<loot>
		<item name="gold coin" countmax="97" chance="100000" />
		<item name="gold coin" countmax="97" chance="100000" />
		<item name="platinum coin" countmax="4" chance="70000" />
		<item name="great mana potion" countmax="3" chance="32640" />
		<item name="great health potion" countmax="3" chance="33430" />
		<item name="eye of a deepling" chance="28850" />
		<item name="deepling guard belt buckle" chance="23100" />
		<item name="deepling breaktime snack" chance="34770" />
		<item name="guardian axe" chance="1420" />
		<item name="deepling claw" chance="29960" />
		<item name="foxtail" chance="80" />
		<item name="deepling backpack" chance="510" />
		<item name="deepling squelcher" chance="1540" />
	</loot>
</monster>
