<?xml version="1.0" encoding="UTF-8"?>
<monster name="Demon Outcast" nameDescription="a demon outcast" race="blood" experience="6200" speed="280">
	<health now="6900" max="6900" />
	<look type="590" corpse="22549" />
	<targetchange interval="4000" chance="10" />
	<flags>
		<flag summonable="0" />
		<flag attackable="1" />
		<flag hostile="1" />
		<flag illusionable="0" />
		<flag convinceable="0" />
		<flag pushable="0" />
		<flag canpushitems="1" />
		<flag canpushcreatures="1" />
		<flag targetdistance="1" />
		<flag staticattack="90" />
		<flag runonhealth="0" />
	</flags>
	<attacks>
		<attack name="melee" interval="2000" min="0" max="-400" />
		<attack name="energy" interval="2000" chance="10" length="6" spread="0" target="1" min="-250" max="-450">
			<attribute key="areaEffect" value="purpleenergy" />
		</attack>
		<attack name="energy" interval="2000" chance="10" length="8" spread="0" target="1" min="-350" max="-550">
			<attribute key="areaEffect" value="yellowenergy" />
		</attack>
		<attack name="energy" interval="2000" chance="20" radius="3" target="1" min="-100" max="-250">
			<attribute key="areaEffect" value="energy" />
		</attack>
		<attack name="demon outcast skill reducer" range="5" interval="2000" chance="10" />
		<attack name="manadrain" interval="2000" chance="10" radius="4" target="0" min="-80" max="-150">
			<attribute key="areaEffect" value="greenshimmer" />
		</attack>
	</attacks>
	<defenses armor="40" defense="40">
		<defense name="healing" interval="2000" chance="15" min="250" max="425">
			<attribute key="areaEffect" value="blueshimmer" />
		</defense>
	</defenses>
	<elements>
		<element physicalPercent="20" />
		<element deathPercent="5" />
		<element energyPercent="-5" />
		<element icePercent="5" />
		<element earthPercent="40" />
		<element holyPercent="-5" />
	</elements>
	<immunities>
		<immunity fire="1" />
		<immunity paralyze="1" />
		<immunity invisible="1" />
	</immunities>
	<summons maxSummons="2">
		<summon name="energy elemental" interval="2000" chance="10" />
	</summons>
	<voices interval="5000" chance="10">
		<voice sentence="Back in the evil business!" />
		<voice sentence="This prison break will have casualties!" />
		<voice sentence="At last someone to hurt" />
		<voice sentence="No one will imprison me again!" />
	</voices>
	<loot>
		<item name="small diamond" countmax="5" chance="10000" />
		<item name="small sapphire" countmax="5" chance="10000" />
		<item name="small ruby" countmax="5" chance="12000" />
		<item name="gold coin" countmax="100" chance="100000" />
		<item name="small emerald" countmax="5" chance="10000" />
		<item name="platinum coin" countmax="6" chance="100000" />
		<item name="might ring" chance="910" />
		<item name="stealth ring" chance="1300" />
		<item name="platinum amulet" chance="1000" />
		<item name="ring of healing" chance="3000" />
		<item name="giant sword" chance="2000" />
		<item name="ice rapier" chance="660" />
		<item name="devil helmet" chance="910" />
		<item name="crusader helmet" chance="740" />
		<item name="crown shield" chance="740" />
		<item name="demon shield" chance="170" />
		<item name="fire mushroom" countmax="6" chance="20600" />
		<item name="red powder" chance="1000" />
		<item name="assassin star" countmax="10" chance="8340" />
		<item name="demonrage sword" chance="350" />
		<item name="great mana potion" countmax="2" chance="18000" />
		<item name="ultimate health potion" countmax="3" chance="20500" />
		<item name="small topaz" countmax="5" chance="9300" />
		<item name="cluster of solace" chance="410" />
	</loot>
</monster>
