<?xml version="1.0" encoding="UTF-8"?>
<monster name="Desperate White Deer" nameDescription="a desperate white deer" race="blood" experience="35" speed="225">
	<health now="55" max="255" />
	<look type="400" corpse="13513" />
	<targetchange interval="4000" chance="10" />
	<flags>
		<flag summonable="0" />
		<flag attackable="1" />
		<flag hostile="0" />
		<flag illusionable="0" />
		<flag convinceable="0" />
		<flag pushable="1" />
		<flag canpushitems="0" />
		<flag canpushcreatures="0" />
		<flag targetdistance="1" />
		<flag staticattack="90" />
		<flag runonhealth="55" />
		<flag canwalkonenergy="0" />
		<flag canwalkonfire="0" />
		<flag canwalkonpoison="0" />
	</flags>
	<defenses armor="15" defense="15">
		<defense name="speed" interval="2000" chance="15" speedchange="400" duration="4000">
			<attribute key="areaEffect" value="redshimmer" />
		</defense>
	</defenses>
	<voices interval="5000" chance="10">
		<voice sentence="*bell*" />
		<voice sentence="ROOOAAARR!!" />
		<voice sentence="*sniff*" />
		<voice sentence="*wheeze*" />
	</voices>
	<script>
		<event name="WhiteDeerScouts" />
	</script>
	<loot>
		<item name="ham" countmax="3" chance="20000" />
		<item name="white deer antlers" chance="20000" />
		<item name="white deer skin" chance="20000" />
	</loot>
</monster>
