<?xml version="1.0" encoding="UTF-8"?>
<monster name="Dragon" nameDescription="a dragon" race="blood" experience="700" speed="172">
	<health now="1000" max="1000" />
	<look type="34" corpse="5973" />
	<targetchange interval="4000" chance="10" />
	<flags>
		<flag summonable="0" />
		<flag attackable="1" />
		<flag hostile="1" />
		<flag illusionable="1" />
		<flag convinceable="0" />
		<flag pushable="0" />
		<flag canpushitems="1" />
		<flag canpushcreatures="1" />
		<flag targetdistance="1" />
		<flag staticattack="80" />
		<flag runonhealth="300" />
	</flags>
	<attacks>
		<attack name="melee" interval="2000" min="0" max="-120" />
		<attack name="fire" interval="2000" chance="15" range="7" radius="4" target="1" min="-60" max="-140">
			<attribute key="shootEffect" value="fire" />
			<attribute key="areaEffect" value="firearea" />
		</attack>
		<attack name="fire" interval="2000" chance="10" length="8" spread="3" min="-100" max="-170">
			<attribute key="areaEffect" value="firearea" />
		</attack>
	</attacks>
	<defenses armor="25" defense="25">
		<defense name="healing" interval="2000" chance="15" min="40" max="70">
			<attribute key="areaEffect" value="blueshimmer" />
		</defense>
	</defenses>
	<elements>
		<element earthPercent="80" />
		<element energyPercent="20" />
		<element icePercent="-10" />
	</elements>
	<immunities>
		<immunity paralyze="1" />
		<immunity invisible="1" />
		<immunity fire="1" />
	</immunities>
	<voices interval="5000" chance="10">
		<voice sentence="GROOAAARRR" yell="1" />
		<voice sentence="FCHHHHH" yell="1" />
	</voices>
	<loot>
		<item name="gold coin" countmax="100" chance="45000" />
		<item name="gold coin" countmax="5" chance="45000" />
		<item name="dragon ham" countmax="3" chance="65500" />
		<item name="steel shield" chance="15000" />
		<item name="crossbow" chance="10000" />
		<item name="dragon's tail" chance="9740" />
		<item id="2546" countmax="10" chance="8060" /><!-- burst arrow -->
		<item name="longsword" chance="4000" />
		<item name="steel helmet" chance="3000" />
		<item name="broadsword" chance="1950" />
		<item name="plate legs" chance="1900" />
		<item name="wand of inferno" chance="1005" />
		<item name="strong health potion" chance="1000" />
		<item name="green dragon scale" chance="1000" />
		<item name="green dragon leather" chance="1000" />
		<item name="double axe" chance="1000" />
		<item name="dragon hammer" chance="560" />
		<item name="serpent sword" chance="510" />
		<item name="small diamond" chance="380" />
		<item name="dragon shield" chance="320" />
		<item name="life crystal" chance="120" />
		<item name="dragonbone staff" chance="110" />
	</loot>
</monster>
