<?xml version="1.0" encoding="UTF-8"?>
<monster name="Draken Abomination" nameDescription="a draken abomination" race="venom" experience="3800" speed="230">
	<health now="6250" max="6250" />
	<look type="357" corpse="12623" />
	<targetchange interval="4000" chance="10" />
	<flags>
		<flag summonable="0" />
		<flag attackable="1" />
		<flag hostile="1" />
		<flag illusionable="1" />
		<flag convinceable="0" />
		<flag pushable="0" />
		<flag canpushitems="1" />
		<flag canpushcreatures="0" />
		<flag targetdistance="1" />
		<flag staticattack="70" />
		<flag runonhealth="0" />
		<flag canwalkonenergy="0" />
	</flags>
	<attacks>
		<attack name="melee" interval="2000" min="0" max="-420" />
		<attack name="fire" interval="2000" chance="10" length="4" spread="3" min="-310" max="-630">
			<attribute key="areaEffect" value="explosion" />
		</attack>
		<attack name="draken abomination curse" interval="2000" range="5" chance="10" />
		<attack name="death" interval="2000" chance="15" length="4" spread="0" min="-170" max="-370">
			<attribute key="areaEffect" value="mortarea" />
		</attack>
		<attack name="drunk" interval="2000" chance="15" range="7" radius="4" target="0" duration="9000">
			<attribute key="shootEffect" value="poison" />
			<attribute key="areaEffect" value="poison" />
		</attack>
		<attack name="physical" interval="2000" chance="10" range="7" radius="3" target="0">
			<attribute key="areaEffect" value="greenspark" />
		</attack>
	</attacks>
	<defenses armor="30" defense="30">
		<defense name="healing" interval="2000" chance="15" min="650" max="700">
			<attribute key="areaEffect" value="blueshimmer" />
		</defense>
	</defenses>
	<elements>
		<element holyPercent="-5" />
		<element energyPercent="-5" />
		<element icePercent="5" />
	</elements>
	<immunities>
		<immunity fire="1" />
		<immunity earth="1" />
		<immunity death="1" />
		<immunity invisible="1" />
	</immunities>
	<summons maxSummons="2">
		<summon name="Death Blob" interval="2000" chance="10" max="2" />
	</summons>
	<voices interval="5000" chance="10">
		<voice sentence="Ugggh!" />
		<voice sentence="Gll" />
	</voices>
	<loot>
		<item name="gold coin" countmax="100" chance="50000" />
		<item name="gold coin" countmax="98" chance="47000" />
		<item name="platinum coin" countmax="8" chance="50590" />
		<item name="meat" countmax="4" chance="50450" />
		<item name="great mana potion" countmax="3" chance="9950" />
		<item name="terra hood" chance="8730" />
		<item name="great spirit potion" countmax="3" chance="4905" />
		<item name="ultimate health potion" countmax="3" chance="9400" />
		<item name="wand of voodoo" chance="1020" />
		<item name="small topaz" countmax="4" chance="2900" />
		<item name="Zaoan armor" chance="470" />
		<item name="Zaoan helmet" chance="560" />
		<item name="Zaoan legs" chance="780" />
		<item name="eye of corruption" chance="12110" />
		<item name="tail of corruption" chance="6240" />
		<item name="scale of corruption" chance="10940" />
		<item name="shield of corruption" chance="10" />
		<item name="draken boots" chance="540" />
		<item name="snake god's wristguard" chance="10" />
		<item name="bamboo leaves" chance="360" />
	</loot>
</monster>
