<?xml version="1.0" encoding="UTF-8"?>
<monster name="Dwarf Dispenser" nameDescription="a dwarf dispenser" race="undead" experience="0" speed="0">
	<health now="100" max="100" />
	<look typeex="6116" />
	<targetchange interval="5000" chance="16" />
	<flags>
		<flag summonable="0" />
		<flag attackable="0" />
		<flag hostile="1" />
		<flag illusionable="0" />
		<flag convinceable="0" />
		<flag pushable="0" />
		<flag canpushitems="0" />
		<flag canpushcreatures="0" />
		<flag targetdistance="1" />
		<flag staticattack="90" />
		<flag runonhealth="0" />
		<flag hidehealth="1" />
	</flags>
	<immunities>
		<immunity invisible="1" />
	</immunities>
	<summons maxSummons="5">
		<summon name="Dwarf Henchman" interval="1000" chance="55" />
	</summons>
</monster>
