<?xml version="1.0" encoding="UTF-8"?>
<monster name="Dwarf" nameDescription="a dwarf" race="blood" experience="45" speed="170" manacost="320">
	<health now="90" max="90" />
	<look type="69" corpse="6007" />
	<targetchange interval="4000" chance="0" />
	<flags>
		<flag summonable="1" />
		<flag attackable="1" />
		<flag hostile="1" />
		<flag illusionable="1" />
		<flag convinceable="1" />
		<flag pushable="1" />
		<flag canpushitems="0" />
		<flag canpushcreatures="0" />
		<flag targetdistance="1" />
		<flag staticattack="90" />
		<flag runonhealth="0" />
		<flag canwalkonenergy="0" />
		<flag canwalkonfire="0" />
		<flag canwalkonpoison="0" />
	</flags>
	<attacks>
		<attack name="melee" interval="2000" min="0" max="-30" />
	</attacks>
	<defenses armor="8" defense="8" />
	<elements>
		<element earthPercent="10" />
		<element firePercent="-5" />
		<element deathPercent="-5" />
	</elements>
	<voices interval="5000" chance="10">
		<voice sentence="Hail Durin!" />
	</voices>
	<loot>
		<item name="white mushroom" chance="50000" />
		<item name="gold coin" countmax="8" chance="35000" />
		<item name="hatchet" chance="25000" />
		<item name="axe" chance="15000" />
		<item name="pick" chance="10000" />
		<item name="copper shield" chance="10000" />
		<item name="leather legs" chance="10000" />
		<item name="studded armor" chance="8000" />
		<item name="letter" chance="8000" />
		<item name="dwarven ring" chance="100" />
		<item name="iron ore" chance="100" />
	</loot>
</monster>
