<?xml version="1.0" encoding="UTF-8"?>
<monster name="Efreet" nameDescription="an efreet" race="blood" experience="410" speed="234">
	<health now="550" max="550" />
	<look type="103" corpse="6032" />
	<targetchange interval="4000" chance="10" />
	<flags>
		<flag summonable="0" />
		<flag attackable="1" />
		<flag hostile="1" />
		<flag illusionable="0" />
		<flag convinceable="0" />
		<flag pushable="0" />
		<flag canpushitems="1" />
		<flag canpushcreatures="0" />
		<flag targetdistance="1" />
		<flag staticattack="90" />
		<flag runonhealth="0" />
		<flag canwalkonenergy="0" />
		<flag canwalkonfire="0" />
		<flag canwalkonpoison="0" />
	</flags>
	<attacks>
		<attack name="melee" interval="2000" min="0" max="-110" />
		<attack name="fire" interval="2000" chance="15" range="7" min="-40" max="-110">
			<attribute key="shootEffect" value="fire" />
		</attack>
		<attack name="energy" interval="2000" chance="10" target="0" radius="3" min="-30" max="-90">
			<attribute key="areaEffect" value="energy" />
		</attack>
		<attack name="energy" interval="2000" chance="15" range="7" min="-65" max="-120">
			<attribute key="shootEffect" value="energy" />
			<attribute key="areaEffect" value="energy" />
		</attack>
		<attack name="speed" interval="2000" chance="15" range="7" speedchange="-650" duration="15000">
			<attribute key="areaEffect" value="redshimmer" />
		</attack>
		<attack name="drunk" interval="2000" chance="10" range="7" duration="6000">
			<attribute key="shootEffect" value="energy" />
		</attack>
		<attack name="outfit" interval="2000" chance="1" range="7" monster="rat" duration="4000">
			<attribute key="areaEffect" value="blueshimmer" />
		</attack>
		<attack name="djinn electrify" interval="2000" range="5" chance="15" />
	</attacks>
	<defenses armor="24" defense="24">
		<defense name="healing" interval="2000" chance="15" min="50" max="80">
			<attribute key="areaEffect" value="blueshimmer" />
		</defense>
	</defenses>
	<elements>
		<element firePercent="90" />
		<element energyPercent="60" />
		<element earthPercent="10" />
		<element deathPercent="20" />
		<element icePercent="-5" />
		<element holyPercent="-8" />
	</elements>
	<immunities>
		<immunity paralyze="1" />
		<immunity invisible="1" />
	</immunities>
	<summons maxSummons="2">
		<summon name="green djinn" interval="2000" chance="10" />
	</summons>
	<voices interval="5000" chance="10">
		<voice sentence="I grant you a deathwish!" />
		<voice sentence="Good wishes are for fairytales" />
	</voices>
	<loot>
		<item name="gold coin" countmax="100" chance="47000" />
		<item name="gold coin" countmax="30" chance="47000" />
		<item name="royal spear" countmax="3" chance="15570" />
		<item name="strong mana potion" chance="10500" />
		<item name="pear" countmax="5" chance="9390" />
		<item name="jewelled belt" chance="8540" />
		<item name="small emerald" chance="7200" />
		<item name="heavy machete" chance="5000" />
		<item name="green piece of cloth" chance="3000" />
		<item id="1860" chance="2200" /><!-- green tapestry -->
		<item name="noble turban" chance="1130" />
		<item name="magma monocle" chance="420" />
		<item name="wand of inferno" chance="390" />
		<item name="mystic turban" chance="180" />
		<item name="small oil lamp" chance="180" />
		<item name="green gem" chance="150" />
	</loot>
</monster>
