<?xml version="1.0" encoding="UTF-8"?>
<monster name="Elephant" nameDescription="an elephant" race="blood" experience="160" speed="190" manacost="500">
	<health now="320" max="320" />
	<look type="211" corpse="6052" />
	<targetchange interval="4000" chance="10" />
	<flags>
		<flag summonable="1" />
		<flag attackable="1" />
		<flag hostile="1" />
		<flag illusionable="1" />
		<flag convinceable="1" />
		<flag pushable="0" />
		<flag canpushitems="1" />
		<flag canpushcreatures="1" />
		<flag targetdistance="1" />
		<flag staticattack="90" />
		<flag runonhealth="0" />
		<flag canwalkonenergy="0" />
		<flag canwalkonfire="0" />
		<flag canwalkonpoison="0" />
	</flags>
	<attacks>
		<attack name="melee" interval="2000" min="0" max="-100" />
	</attacks>
	<defenses armor="20" defense="20" />
	<elements>
		<element physicalPercent="25" />
		<element icePercent="20" />
		<element energyPercent="-10" />
	</elements>
	<voices interval="5000" chance="10">
		<voice sentence="Hooooot-Toooooot!" />
		<voice sentence="Tooooot!" />
		<voice sentence="Trooooot!" />
	</voices>
	<loot>
		<item name="meat" countmax="4" chance="40000" />
		<item name="ham" countmax="3" chance="30000" />
		<item name="tusk" countmax="2" chance="1100" />
		<item name="tusk shield" chance="140" />
	</loot>
</monster>
