<?xml version="1.0" encoding="UTF-8"?>
<monster name="Flamingo" nameDescription="a flamingo" race="blood" experience="0" speed="210" manacost="250">
	<health now="25" max="25" />
	<look type="212" corpse="6054" />
	<targetchange interval="5000" chance="0" />
	<flags>
		<flag summonable="1" />
		<flag attackable="1" />
		<flag hostile="0" />
		<flag illusionable="1" />
		<flag convinceable="1" />
		<flag pushable="1" />
		<flag canpushitems="0" />
		<flag canpushcreatures="0" />
		<flag staticattack="90" />
		<flag runonhealth="25" />
		<flag canwalkonenergy="0" />
		<flag canwalkonfire="0" />
		<flag canwalkonpoison="0" />
	</flags>
	<defenses armor="1" defense="1" />
	<loot>
		<item name="downy feather" chance="1000" />
	</loot>
</monster>
