<?xml version="1.0" encoding="UTF-8"?>
<monster name="General Murius" nameDescription="General Murius" race="blood" experience="450" speed="240">
	<health now="550" max="550" />
	<look type="611" corpse="23462" />
	<targetchange interval="5000" chance="8" />
	<flags>
		<flag summonable="0" />
		<flag attackable="1" />
		<flag hostile="1" />
		<flag illusionable="0" />
		<flag convinceable="0" />
		<flag pushable="0" />
		<flag canpushitems="1" />
		<flag canpushcreatures="1" />
		<flag targetdistance="1" />
		<flag staticattack="90" />
		<flag runonhealth="0" />
		<flag isboss="1" />
	</flags>
	<attacks>
		<attack name="melee" interval="2000" min="0" max="-220" />
		<attack name="physical" interval="1000" chance="12" range="7" min="-50" max="-120">
			<attribute key="shootEffect" value="bolt" />
		</attack>
		<attack name="physical" interval="1000" chance="10" radius="3" target="0" min="-50" max="-80">
			<attribute key="areaEffect" value="blackspark" />
		</attack>
	</attacks>
	<defenses armor="16" defense="22">
		<defense name="healing" interval="1000" chance="15" min="50" max="100">
			<attribute key="areaEffect" value="redshimmer" />
		</defense>
	</defenses>
	<immunities>
		<immunity invisible="1" />
	</immunities>
	<summons maxSummons="4">
		<summon name="Minotaur Archer" interval="1000" chance="15" max="2" />
		<summon name="Minotaur Guard" interval="1000" chance="12" max="2" />
	</summons>
	<voices interval="5000" chance="10">
		<voice sentence="Feel the power of the Mooh'Tah!" />
		<voice sentence="You will get what you deserve!" />
		<voice sentence="For the king!" />
		<voice sentence="Guards!" />
	</voices>
	<loot>
		<item name="minotaur horn" countmax="2" chance="100000" />
		<item name="minotaur leather" chance="100000" />
		<item name="gold coin" countmax="97" chance="92000" />
		<item name="platinum coin" countmax="3" chance="92000" />
		<item name="brass armor" chance="76000" />
		<item name="double axe" chance="76000" />
		<item name="piercing bolt" countmax="7" chance="40000" />
		<item name="meat" countmax="2" chance="30000" />
		<item name="battle shield" chance="23000" />
		<item name="chain legs" chance="23000" />
		<item id="7401" chance="23000" /><!-- minotaur trophy -->
		<item name="power bolt" countmax="7" chance="23000" />
		<item name="dwarven helmet" chance="100" />
	</loot>
</monster>
