<?xml version="1.0" encoding="UTF-8"?>
<monster name="Ghazbaran" nameDescription="Ghazbaran" race="fire" experience="15000" speed="400">
	<health now="60000" max="60000" />
	<look type="12" head="0" body="66" legs="98" feet="75" corpse="6068" />
	<targetchange interval="10000" chance="20" />
	<flags>
		<flag summonable="0" />
		<flag attackable="1" />
		<flag hostile="1" />
		<flag illusionable="0" />
		<flag convinceable="0" />
		<flag pushable="0" />
		<flag canpushitems="1" />
		<flag canpushcreatures="1" />
		<flag staticattack="98" />
		<flag targetdistance="1" />
		<flag runonhealth="3500" />
		<flag isboss="1" />
	</flags>
	<attacks>
		<attack name="melee" interval="2000" min="0" max="-2191" />
		<attack name="physical" interval="2000" chance="40" range="7" radius="6" target="0" min="-250" max="-500">
			<attribute key="areaEffect" value="blackspark" />
		</attack>
		<attack name="physical" interval="3000" chance="34" range="7" radius="1" target="1" min="-120" max="-500">
			<attribute key="shootEffect" value="whirlwindsword" />
			<attribute key="areaEffect" value="redspark" />
		</attack>
		<attack name="energy" interval="4000" chance="30" length="8" spread="0" min="-100" max="-800">
			<attribute key="areaEffect" value="mortarea" />
		</attack>
		<attack name="physical" interval="3000" chance="20" range="14" radius="5" target="0" min="-200" max="-480">
			<attribute key="areaEffect" value="poff" />
		</attack>
		<attack name="physical" interval="4000" chance="15" range="7" radius="13" target="0" min="-100" max="-650">
			<attribute key="areaEffect" value="yellowspark" />
		</attack>
		<attack name="physical" interval="4000" chance="18" radius="14" target="0" min="-200" max="-600">
			<attribute key="areaEffect" value="bluebubble" />
		</attack>
		<attack name="physical" interval="3000" chance="15" range="7" radius="4" target="0" min="-200" max="-750">
			<attribute key="areaEffect" value="energyarea" />
		</attack>
	</attacks>
	<defenses armor="55" defense="65">
		<defense name="healing" interval="3000" chance="35" min="300" max="800">
			<attribute key="areaEffect" value="blueshimmer" />
		</defense>
		<defense name="speed" interval="4000" chance="80" speedchange="440" duration="6000">
			<attribute key="areaEffect" value="redshimmer" />
		</defense>
	</defenses>
	<elements>
		<element physicalPercent="1" />
		<element deathPercent="1" />
		<element holyPercent="-1" />
	</elements>
	<immunities>
		<immunity fire="1" />
		<immunity ice="1" />
		<immunity earth="1" />
		<immunity paralyze="1" />
		<immunity invisible="1" />
	</immunities>
	<summons maxSummons="4">
		<summon name="Deathslicer" interval="4000" chance="20" />
	</summons>
	<voices interval="5000" chance="30">
		<voice sentence="COME AND GIVE ME SOME AMUSEMENT" />
		<voice sentence="IS THAT THE BEST YOU HAVE TO OFFER?" yell="1" />
		<voice sentence="I AM GHAZBARAN OF THE TRIANGLE... AND I AM HERE TO CHALLENGE YOU ALL." yell="1" />
		<voice sentence="FLAWLESS VICTORY!" yell="1" />
	</voices>
	<loot>
		<item name="blue tome" chance="20000" />
		<item name="teddy bear" chance="12500" />
		<item id="2124" chance="8333" /><!-- crystal ring -->
		<item name="white pearl" countmax="15" chance="25000" />
		<item name="black pearl" countmax="14" chance="11111" />
		<item name="small diamond" countmax="5" chance="25000" />
		<item name="small sapphire" countmax="10" chance="25000" />
		<item name="small emerald" countmax="10" chance="25000" />
		<item name="small amethyst" countmax="17" chance="25000" />
		<item name="talon" countmax="7" chance="12500" />
		<item name="platinum coin" countmax="69" chance="100000" />
		<item name="green gem" chance="20000" />
		<item name="blue gem" chance="14285" />
		<item name="might ring" chance="12500" />
		<item name="stealth ring" chance="12500" />
		<item name="strange symbol" chance="11111" />
		<item name="life crystal" chance="12500" />
		<item name="mind stone" chance="20000" />
		<item name="gold ring" chance="20000" />
		<item name="ring of healing" chance="20000" />
		<item name="twin axe" chance="11111" />
		<item name="golden armor" chance="8333" />
		<item name="magic plate armor" chance="8333" />
		<item name="demon shield" chance="12500" />
		<item name="golden boots" chance="8333" />
		<item name="demon horn" countmax="2" chance="33333" />
		<item id="6300" chance="25000" /><!-- death ring -->
		<item name="demonic essence" chance="100000" />
		<item name="ruthless axe" chance="14285" />
		<item name="assassin star" countmax="44" chance="12500" />
		<item name="havoc blade" chance="16666" />
		<item name="ravenwing" chance="14285" />
		<item name="scrying crystal ball" chance="20000" />
		<item name="great mana potion" chance="20000" />
		<item name="great health potion" chance="20000" />
		<item name="glacier kilt" chance="8333" />
		<item name="great spirit potion" chance="25000" />
		<item name="ultimate health potion" chance="25000" />
		<item name="oceanborn leviathan armor" chance="16666" />
		<item name="frozen plate" chance="8333" />
		<item name="spellbook of warding" chance="20000" />
		<item name="spellbook of mind control" chance="11111" />
		<item name="spellbook of lost souls" chance="16666" />
		<item name="spellscroll of prophecies" chance="25000" />
		<item name="spellbook of dark mysteries" chance="20000" />
	</loot>
</monster>
