<?xml version="1.0" encoding="UTF-8"?>
<monster name="Gladiator" nameDescription="a gladiator" race="blood" experience="90" speed="200" manacost="470">
	<health now="185" max="185" />
	<look type="131" head="78" body="3" legs="79" feet="114" corpse="20407" />
	<targetchange interval="4000" chance="0" />
	<flags>
		<flag summonable="0" />
		<flag attackable="1" />
		<flag hostile="1" />
		<flag illusionable="0" />
		<flag convinceable="1" />
		<flag pushable="1" />
		<flag canpushitems="0" />
		<flag canpushcreatures="0" />
		<flag staticattack="90" />
		<flag targetdistance="1" />
		<flag runonhealth="10" />
		<flag canwalkonenergy="0" />
		<flag canwalkonfire="0" />
		<flag canwalkonpoison="0" />
	</flags>
	<attacks>
		<attack name="melee" interval="2000" min="0" max="-90" />
	</attacks>
	<defenses armor="25" defense="25">
		<defense name="speed" interval="2000" chance="15" speedchange="215" duration="5000">
			<attribute key="areaEffect" value="redshimmer" />
		</defense>
	</defenses>
	<elements>
		<element holyPercent="10" />
		<element physicalPercent="15" />
		<element deathPercent="-5" />
	</elements>
	<voices interval="5000" chance="10">
		<voice sentence="You are no match for me!" />
		<voice sentence="Feel my prowess" />
		<voice sentence="Fight!" />
		<voice sentence="Take this!" />
	</voices>
	<loot>
		<item name="gold coin" countmax="30" chance="49500" />
		<item id="2376" chance="12620" /><!-- sword -->
		<item name="mace" chance="11160" />
		<item name="chain helmet" chance="5200" />
		<item name="iron helmet" chance="590" />
		<item name="brass armor" chance="2750" />
		<item name="steel shield" chance="840" />
		<item name="plate shield" chance="9950" />
		<item name="meat" chance="19000" />
		<item name="belted cape" chance="340" />
	</loot>
</monster>
