<?xml version="1.0" encoding="UTF-8"?>
<monster name="Gnarlhound" nameDescription="a gnarlhound" race="blood" experience="60" speed="280" manacost="465">
	<health now="198" max="198" />
	<look type="341" corpse="11250" />
	<targetchange interval="4000" chance="10" />
	<flags>
		<flag summonable="1" />
		<flag attackable="1" />
		<flag hostile="1" />
		<flag illusionable="1" />
		<flag convinceable="1" />
		<flag pushable="0" />
		<flag canpushitems="1" />
		<flag canpushcreatures="0" />
		<flag targetdistance="1" />
		<flag staticattack="90" />
		<flag runonhealth="0" />
		<flag canwalkonenergy="0" />
		<flag canwalkonfire="0" />
		<flag canwalkonpoison="0" />
	</flags>
	<attacks>
		<attack name="melee" interval="2000" min="0" max="-70" />
	</attacks>
	<defenses armor="10" defense="10" />
	<voices interval="5000" chance="10">
		<voice sentence="Gnarllll!" />
		<voice sentence="Grrrrrr!" />
	</voices>
	<loot>
		<item name="gold coin" countmax="30" chance="48000" />
		<item name="meat" countmax="3" chance="39075" />
		<item name="worm" countmax="3" chance="33300" />
		<item name="shaggy tail" chance="25550" />
	</loot>
</monster>
