<?xml version="1.0" encoding="UTF-8"?>
<monster name="Goblin Scavenger" nameDescription="a goblin scavenger" race="blood" experience="37" speed="180" manacost="310">
	<health now="60" max="60" />
	<look type="297" corpse="6002" />
	<targetchange interval="4000" chance="10" />
	<flags>
		<flag summonable="1" />
		<flag attackable="1" />
		<flag hostile="1" />
		<flag illusionable="1" />
		<flag convinceable="1" />
		<flag pushable="1" />
		<flag canpushitems="0" />
		<flag canpushcreatures="0" />
		<flag targetdistance="1" />
		<flag staticattack="90" />
		<flag runonhealth="10" />
		<flag canwalkonenergy="0" />
		<flag canwalkonfire="0" />
		<flag canwalkonpoison="0" />
	</flags>
	<attacks>
		<attack name="melee" interval="2000" min="0" max="-15" />
		<attack name="physical" interval="2000" chance="10" range="7" min="0" max="-30">
			<attribute key="shootEffect" value="spear" />
		</attack>
		<attack name="lifedrain" interval="2000" chance="5" range="7" min="-22" max="-30">
			<attribute key="areaEffect" value="redshimmer" />
		</attack>
		<attack name="death" interval="2000" chance="5" range="7" min="-1" max="-30">
			<attribute key="shootEffect" value="suddendeath" />
			<attribute key="areaEffect" value="mortarea" />
			<attribute key="areaEffect" value="smallclouds" />
		</attack>
	</attacks>
	<defenses armor="15" defense="15">
		<defense name="healing" interval="2000" chance="15" min="10" max="16">
			<attribute key="areaEffect" value="energy" />
		</defense>
	</defenses>
	<elements>
		<element energyPercent="20" />
		<element holyPercent="1" />
		<element earthPercent="-10" />
		<element deathPercent="-10" />
	</elements>
	<voices interval="5000" chance="10">
		<voice sentence="Shiny, Shiny!" />
		<voice sentence="You mean!" />
		<voice sentence="All mine!" />
		<voice sentence="Uhh!" />
	</voices>
	<loot>
		<item name="small stone" countmax="2" chance="25560" />
		<item name="gold coin" countmax="9" chance="50810" />
		<item id="2230" chance="12450" /><!-- bone -->
		<item name="mouldy cheese" chance="7000" />
		<item name="dagger" chance="18280" />
		<item name="short sword" chance="8900" />
		<item name="bone club" chance="5000" />
		<item name="leather helmet" chance="10180" />
		<item name="leather armor" chance="7700" />
		<item name="small axe" chance="9790" />
		<item id="2667" chance="13640" /><!-- fish -->
	</loot>
</monster>
