<?xml version="1.0" encoding="UTF-8"?>
<monster name="Grave Robber" nameDescription="a grave robber" race="blood" experience="65" speed="205" manacost="355">
	<health now="165" max="165" />
	<look type="146" head="57" body="95" legs="57" feet="19" addons="3" corpse="20411" />
	<targetchange interval="4000" chance="10" />
	<flags>
		<flag summonable="1" />
		<flag attackable="1" />
		<flag hostile="1" />
		<flag illusionable="1" />
		<flag convinceable="1" />
		<flag pushable="1" />
		<flag canpushitems="0" />
		<flag canpushcreatures="0" />
		<flag targetdistance="1" />
		<flag staticattack="90" />
		<flag runonhealth="15" />
		<flag canwalkonenergy="0" />
		<flag canwalkonfire="0" />
		<flag canwalkonpoison="0" />
	</flags>
	<attacks>
		<attack name="melee" interval="2000" min="0" max="-90" />
		<attack name="poisoncondition" interval="2000" chance="15" range="7" radius="1" target="1" min="-100" max="-160">
			<attribute key="shooteffect" value="poison" />
		</attack>
	</attacks>
	<defenses armor="15" defense="15" />
	<elements>
		<element energyPercent="20" />
		<element firePercent="20" />
		<element icePercent="-10" />
		<element deathPercent="-10" />
		<element physicalPercent="-10" />
	</elements>
	<voices interval="5000" chance="10">
		<voice sentence="This crypt is taken!" />
		<voice sentence="Leave or you are hunted!" />
		<voice sentence="The treasure will be mine!" />
		<voice sentence="The X marks the spot!" />
	</voices>
	<loot>
		<item name="gold coin" countmax="38" chance="54260" />
		<item name="axe" chance="2500" />
		<item name="mace" chance="1700" />
		<item name="iron helmet" chance="500" />
		<item name="brass armor" chance="1700" />
		<item name="steel shield" chance="500" />
		<item name="nomad parchment" chance="170" />
		<item name="potato" countmax="3" chance="5680" />
		<item name="dirty turban" chance="1700" />
		<item name="rope belt" chance="7510" />
	</loot>
</monster>
