<?xml version="1.0" encoding="UTF-8"?>
<monster name="Gravelord Oshuran" nameDescription="Gravelord Oshuran" race="undead" experience="2400" speed="440">
	<health now="3100" max="3100" />
	<look type="99" corpse="6028" />
	<targetchange interval="4000" chance="10" />
	<flags>
		<flag summonable="0" />
		<flag attackable="1" />
		<flag hostile="1" />
		<flag illusionable="0" />
		<flag convinceable="0" />
		<flag pushable="0" />
		<flag canpushitems="1" />
		<flag canpushcreatures="1" />
		<flag targetdistance="1" />
		<flag staticattack="80" />
		<flag runonhealth="0" />
		<flag isboss="1" />
	</flags>
	<attacks>
		<attack name="melee" interval="2000" min="0" max="-250" />
		<attack name="speed" interval="2000" chance="25" range="7" speedchange="-300" duration="30000">
			<attribute key="areaEffect" value="redshimmer" />
		</attack>
		<attack name="lifedrain" interval="2000" chance="10" length="7" spread="0" min="-180" max="-300">
			<attribute key="areaEffect" value="redshimmer" />
		</attack>
		<attack name="earth" interval="2000" chance="10" length="7" spread="0" min="-100" max="-350">
			<attribute key="areaEffect" value="greenspark" />
		</attack>
		<attack name="lifedrain" interval="2000" chance="10" target="1" range="1" min="-200" max="-245">
			<attribute key="areaEffect" value="redshimmer" />
		</attack>
	</attacks>
	<defenses armor="25" defense="25">
		<defense name="healing" interval="3000" chance="15" min="100" max="120">
			<attribute key="areaEffect" value="blueshimmer" />
		</defense>
	</defenses>
	<elements>
		<element icePercent="35" />
		<element firePercent="10" />
		<element energyPercent="80" />
		<element holyPercent="-10" />
	</elements>
	<immunities>
		<immunity death="1" />
		<immunity earth="1" />
		<immunity lifedrain="1" />
		<immunity paralyze="1" />
		<immunity invisible="1" />
	</immunities>
	<summons maxSummons="4">
		<summon name="Bonebeast" interval="2000" chance="10" />
	</summons>
	<voices interval="1000" chance="2">
		<voice sentence="Your mortality is disgusting!" />
	</voices>
	<loot>
		<item id="2148" countmax="100" chance="50000" />	<!-- gold coin -->
		<item id="2148" countmax="15" chance="50000" />	<!-- gold coin -->
		<item id="7589" chance="17500" />					<!-- strong mana potion -->
		<item id="2144" chance="15960" />					<!-- black pearl -->
		<item id="2143" chance="15000" />					<!-- white pearl -->
		<item id="2214" chance="15040" />					<!-- ring of healing -->
		<item id="2656" chance="500" />						<!-- blue robe -->
		<item id="7893" chance="900" />						<!-- lightning boots -->
		<item id="8904" chance="300" />						<!-- spellscroll of prophecies -->
		<item id="2175" chance="4650" />					<!-- spellbook -->
	</loot>
</monster>
