<?xml version="1.0" encoding="UTF-8"?>
<monster name="Horse" nameDescription="a horse" race="blood" experience="0" speed="190">
	<health now="75" max="75" />
	<look type="434" corpse="0" />
	<targetchange interval="4000" chance="20" />
	<flags>
		<flag summonable="0" />
		<flag attackable="1" />
		<flag hostile="0" />
		<flag illusionable="0" />
		<flag convinceable="0" />
		<flag pushable="1" />
		<flag canpushitems="0" />
		<flag canpushcreatures="0" />
		<flag targetdistance="1" />
		<flag staticattack="90" />
		<flag runonhealth="75" />
		<flag canwalkonenergy="0" />
		<flag canwalkonfire="0" />
		<flag canwalkonpoison="0" />
	</flags>
	<voices interval="5000" chance="10">
		<voice sentence="Weeeeheeeeeee" />
		<voice sentence="*snort*" />
		<voice sentence="*Weeeeheeeeaaa*" />
	</voices>
</monster>
