<?xml version="1.0" encoding="UTF-8"?>
<monster name="Grorlam" nameDescription="Grorlam" race="undead" experience="2400" speed="240">
	<health now="3000" max="3000" />
	<look type="205" corpse="6005" />
	<targetchange interval="5000" chance="3" />
	<flags>
		<flag summonable="0" />
		<flag attackable="1" />
		<flag hostile="1" />
		<flag illusionable="0" />
		<flag convinceable="0" />
		<flag pushable="0" />
		<flag canpushitems="1" />
		<flag canpushcreatures="1" />
		<flag targetdistance="1" />
		<flag staticattack="90" />
		<flag runonhealth="0" />
		<flag isboss="1" />
	</flags>
	<attacks>
		<attack name="melee" interval="2000" min="0" max="-300" />
		<attack name="physical" interval="1000" chance="15" range="7" min="-150" max="-200">
			<attribute key="shootEffect" value="largerock" />
		</attack>
	</attacks>
	<defenses armor="15" defense="25">
		<defense name="healing" interval="1000" chance="25" min="100" max="150">
			<attribute key="areaEffect" value="blueshimmer" />
		</defense>
		<defense name="speed" interval="1000" chance="6" speedchange="270" duration="6000">
			<attribute key="areaEffect" value="redshimmer" />
		</defense>
	</defenses>
	<elements>
		<element physicalPercent="30" />
		<element holyPercent="20" />
		<element energyPercent="20" />
		<element deathPercent="-5" />
		<element firePercent="-10" />
	</elements>
	<immunities>
		<immunity earth="1" />
		<immunity paralyze="1" />
		<immunity invisible="1" />
	</immunities>
	<loot>
		<item name="gold coin" countmax="98" chance="100000" />
		<item name="platinum coin" countmax="6" chance="100000" />
		<item name="shiny stone" chance="100000" />
		<item name="small amethyst" countmax="2" chance="73000" />
		<item name="steel shield" chance="65000" />
		<item name="sulphurous stone" chance="65000" />
		<item name="red gem" chance="57000" />
		<item name="power ring" chance="42000" />
		<item name="steel boots" chance="11000" />
		<item id="2124" chance="3850" /><!-- crystal ring -->
		<item name="small stone" countmax="3" chance="3850" />
	</loot>
</monster>
