<?xml version="1.0" encoding="UTF-8"?>
<monster name="Grynch Clan Goblin" nameDescription="Grynch Clan Goblin" race="blood" experience="4" speed="870">
	<health now="80" max="80" />
	<look type="61" corpse="6002" />
	<targetchange interval="5000" chance="0" />
	<flags>
		<flag summonable="0" />
		<flag attackable="1" />
		<flag hostile="0" />
		<flag illusionable="0" />
		<flag convinceable="0" />
		<flag pushable="0" />
		<flag canpushitems="0" />
		<flag canpushcreatures="0" />
		<flag targetdistance="11" />
		<flag staticattack="0" />
		<flag runonhealth="80" />
	</flags>
	<attacks>
	</attacks>
	<defenses armor="10" defense="12">
		<defense name="speed" interval="1000" chance="15" speedchange="500" duration="5000">
			<attribute key="areaEffect" value="redshimmer" />
		</defense>
	</defenses>
	<immunities>
		<immunity fire="1" />
		<immunity invisible="1" />
	</immunities>
	<voices interval="5000" chance="10">
		<voice sentence="T'was not me hand in your pocket!" />
		<voice sentence="Look! Cool stuff in house. Let's get it!" />
		<voice sentence="Uhh! Nobody home!" />
		<voice sentence="Me just borrowed it!" />
		<voice sentence="Me no steal! Me found it!" />
		<voice sentence="Me had it for five minutes. It's family heirloom now!" />
		<voice sentence="Nice human won't hurt little, good goblin?" />
		<voice sentence="Gimmegimme!" />
		<voice sentence="Invite me in you lovely house plx!" />
		<voice sentence="Other Goblin stole it!" />
		<voice sentence="All presents mine!" />
		<voice sentence="Me got ugly ones purse" />
		<voice sentence="Free itans plz!" />
		<voice sentence="Not me! Not me!" />
		<voice sentence="Guys, help me here! Guys? Guys???" />
		<voice sentence="That only much dust in me pocket! Honest!" />
		<voice sentence="Can me have your stuff?" />
		<voice sentence="Halp, Big dumb one is after me!" />
		<voice sentence="Uh, So many shiny things!" />
		<voice sentence="Utani hur hur hur!" />
		<voice sentence="Mee? Stealing? Never!!!" />
		<voice sentence="Oh what fun it is to steal a one-horse open sleigh!" />
		<voice sentence="Must have it! Must have it!" />
		<voice sentence="Where me put me lockpick?" />
		<voice sentence="Catch me if you can!" />
	</voices>
	<loot>
		<item name="blue pillow" chance="750" />
		<item name="red pillow" chance="750" />
		<item name="green pillow" chance="750" />
		<item id="1689" chance="750" /><!-- yellow round pillow -->
		<item id="1852" chance="4000" /><!-- landscape picture -->
		<item id="1949" chance="4000" /><!-- scroll -->
		<item id="2072" chance="5000" /><!-- lute -->
		<item id="2102" chance="500" /><!-- flower bowl -->
		<item name="snowball" countmax="5" chance="7000" />
		<item name="piggy bank" chance="1000" />
		<item name="gold coin" countmax="22" chance="22500" />
		<item name="scarab coin" countmax="2" chance="500" />
		<item name="crystal coin" chance="250" />
		<item id="2163" chance="4000" /><!-- magic light wand -->
		<item name="bronze amulet" chance="4000" />
		<item name="blank rune" chance="5000" />
		<item name="vampire shield" chance="250" />
		<item id="2551" chance="1500" /><!-- broom -->
		<item id="2560" chance="1000" /><!-- mirror -->
		<item name="scarf" chance="4000" />
		<item name="red apple" countmax="3" chance="700" />
		<item name="orange" countmax="3" chance="7000" />
		<item name="cherry" countmax="4" chance="7000" />
		<item name="cookie" countmax="5" chance="7000" />
		<item name="candy cane" countmax="3" chance="5000" />
		<item id="2695" countmax="2" chance="5000" /><!-- egg -->
		<item name="flask of cough syrup" chance="500" />
		<item name="explorer brooch" chance="4000" />
		<item name="orichalcum pearl" countmax="2" chance="500" />
		<item id="5792" chance="1000" /><!-- dice -->
		<item name="chicken feather" countmax="5" chance="4000" />
		<item name="bat wing" countmax="3" chance="4000" />
		<item name="honeycomb" chance="4000" />
		<item id="6091" chance="1500" /><!-- watch -->
		<item name="lump of cake dough" countmax="3" chance="7000" />
		<item name="valentine's cake" chance="1500" />
		<item name="christmas present bag" chance="7000" />
		<item name="gingerbreadman" countmax="2" chance="4000" />
		<item name="elvenhair rope" chance="250" />
		<item name="walnut" countmax="5" chance="3500" />
		<item name="peanut" countmax="100" chance="3500" />
	</loot>
</monster>
