<?xml version="1.0" encoding="UTF-8"?>
<monster name="Hunter" nameDescription="a hunter" race="blood" experience="150" speed="210" manacost="530">
	<health now="150" max="150" />
	<look type="129" head="95" body="116" legs="120" feet="115" corpse="20419" />
	<targetchange interval="4000" chance="10" />
	<flags>
		<flag summonable="0" />
		<flag attackable="1" />
		<flag hostile="1" />
		<flag illusionable="1" />
		<flag convinceable="1" />
		<flag pushable="0" />
		<flag canpushitems="1" />
		<flag canpushcreatures="0" />
		<flag targetdistance="4" />
		<flag staticattack="90" />
		<flag runonhealth="10" />
		<flag canwalkonenergy="0" />
		<flag canwalkonfire="0" />
		<flag canwalkonpoison="0" />
	</flags>
	<attacks>
		<attack name="melee" interval="2000" min="0" max="-20" />
		<attack name="physical" interval="2000" chance="50" range="7" min="0" max="-100">
			<attribute key="shootEffect" value="arrow" />
		</attack>
	</attacks>
	<defenses armor="8" defense="8" />
	<elements>
		<element holyPercent="20" />
		<element physicalPercent="-5" />
	</elements>
	<voices interval="5000" chance="10">
		<voice sentence="Guess who we're hunting, haha!" />
		<voice sentence="Guess who we are hunting!" />
		<voice sentence="Bullseye!" />
		<voice sentence="You'll make a nice trophy!" />
	</voices>
	<loot>
		<item id="2544" countmax="22" chance="82000" /><!-- arrow -->
		<item name="orange" countmax="2" chance="20300" />
		<item name="roll" countmax="2" chance="11370" />
		<item name="hunter's quiver" chance="10240" />
		<item name="bow" chance="5770" />
		<item id="2546" countmax="3" chance="5360" /><!-- burst arrow -->
		<item name="brass armor" chance="5070" />
		<item name="brass helmet" chance="5050" />
		<item name="poison arrow" countmax="4" chance="4500" />
		<item name="dragon necklace" chance="3000" />
		<item id="2050" chance="3300" /><!-- torch -->
		<item name="sniper gloves" chance="610" />
		<item id="7397" chance="520" /><!-- deer trophy -->
		<item name="small ruby" chance="170" />
		<item id="7400" chance="140" /><!-- lion trophy -->
		<item id="7394" chance="130" /><!-- wolf trophy -->
		<item name="slingshot" chance="120" />
	</loot>
</monster>
