<?xml version="1.0" encoding="UTF-8"?>
<monster name="Juggernaut" nameDescription="a juggernaut" race="blood" experience="14000" speed="290">
	<health now="20000" max="20000" />
	<look type="244" corpse="6336" />
	<targetchange interval="4000" chance="10" />
	<flags>
		<flag summonable="0" />
		<flag attackable="1" />
		<flag hostile="1" />
		<flag illusionable="1" />
		<flag convinceable="0" />
		<flag pushable="0" />
		<flag canpushitems="1" />
		<flag canpushcreatures="1" />
		<flag targetdistance="1" />
		<flag staticattack="60" />
		<flag runonhealth="0" />
		<flag canwalkonenergy="0" />
	</flags>
	<attacks>
		<attack name="melee" interval="2000" min="0" max="-1470" />
		<attack name="physical" interval="2000" chance="15" range="7" min="0" max="-780">
			<attribute key="shootEffect" value="largerock" />
		</attack>
	</attacks>
	<defenses armor="60" defense="60">
		<defense name="speed" interval="2000" chance="15" speedchange="520" duration="5000">
			<attribute key="areaEffect" value="redshimmer" />
		</defense>
		<defense name="healing" interval="2000" chance="15" min="400" max="900">
			<attribute key="areaEffect" value="blueshimmer" />
		</defense>
	</defenses>
	<elements>
		<element physicalPercent="40" />
		<element firePercent="30" />
		<element icePercent="10" />
		<element earthPercent="20" />
		<element energyPercent="-10" />
		<element holyPercent="-5" />
	</elements>
	<immunities>
		<immunity paralyze="1" />
		<immunity invisible="1" />
	</immunities>
	<voices interval="5000" chance="10">
		<voice sentence="RAAARRR!" />
		<voice sentence="GRRRRRR!" />
		<voice sentence="WAHHHH!" />
	</voices>
	<loot>
		<item id="2136" chance="550" /><!-- demonbone amulet -->
		<item name="small ruby" countmax="4" chance="20000" />
		<item name="gold coin" countmax="100" chance="100000" />
		<item name="gold coin" countmax="100" chance="100000" />
		<item name="gold coin" countmax="100" chance="100000" />
		<item name="gold coin" countmax="100" chance="100000" />
		<item name="small emerald" countmax="5" chance="20000" />
		<item name="platinum coin" countmax="15" chance="100000" />
		<item name="violet gem" chance="830" />
		<item name="green gem" chance="869" />
		<item name="red gem" chance="13850" />
		<item id="2228" chance="600" /><!-- broken pottery -->
		<item name="dragon hammer" chance="9000" />
		<item name="heavy mace" chance="400" />
		<item name="war axe" chance="400" />
		<item name="golden armor" chance="550" />
		<item name="golden legs" chance="500" />
		<item name="knight armor" chance="4990" />
		<item name="mastermind shield" chance="800" />
		<item id="2578" chance="280" /><!-- closed trap -->
		<item name="ham" countmax="8" chance="60000" />
		<item name="soul orb" chance="33333" />
		<item name="demonic essence" chance="45333" />
		<item name="concentrated demonic blood" countmax="4" chance="25000" />
		<item name="onyx arrow" countmax="15" chance="11111" />
		<item name="assassin star" countmax="10" chance="25000" />
		<item name="titan axe" chance="4430" />
		<item name="spiked squelcher" chance="7761" />
		<item name="great mana potion" chance="35000" />
		<item name="great health potion" chance="32000" />
		<item name="skullcracker armor" chance="400" />
		<item id="9810" chance="3000" /><!-- rusty armor (rare) -->
		<item name="gold ingot" countmax="2" chance="7692" />
	</loot>
</monster>
