<?xml version="1.0" encoding="UTF-8"?>
<monster name="Killer Caiman" nameDescription="a killer caiman" race="blood" experience="900" speed="230">
	<health now="1500" max="1500" />
	<look type="358" corpse="11430" />
	<targetchange interval="4000" chance="10" />
	<flags>
		<flag summonable="0" />
		<flag attackable="1" />
		<flag hostile="1" />
		<flag illusionable="0" />
		<flag convinceable="0" />
		<flag pushable="0" />
		<flag canpushitems="1" />
		<flag canpushcreatures="1" />
		<flag targetdistance="1" />
		<flag staticattack="90" />
		<flag runonhealth="10" />
		<flag canwalkonenergy="0" />
		<flag canwalkonfire="0" />
		<flag canwalkonpoison="0" />
	</flags>
	<attacks>
		<attack name="melee" interval="2000" min="0" max="-180" />
	</attacks>
	<defenses armor="35" defense="35">
		<defense name="speed" interval="2000" chance="15" speedchange="700" duration="5000">
			<attribute key="areaEffect" value="redshimmer" />
		</defense>
	</defenses>
	<elements>
		<element physicalPercent="5" />
		<element icePercent="10" />
		<element earthPercent="20" />
		<element energyPercent="-5" />
	</elements>
	<immunities>
		<immunity invisible="1" />
	</immunities>
	<loot>
		<item name="gold coin" countmax="100" chance="50000" />
		<item name="gold coin" countmax="80" chance="50000" />
		<item name="small emerald" countmax="5" chance="10150" />
		<item name="obsidian lance" chance="4975" />
		<item name="ham" chance="40100" />
		<item name="crocodile boots" chance="510" />
		<item id="7632" chance="1130" /><!-- giant shimmering pearl -->
		<item name="piece of crocodile leather" chance="25430" />
		<item name="bunch of ripe rice" countmax="2" chance="4800" />
	</loot>
</monster>
