<?xml version="1.0" encoding="UTF-8"?>
<monster name="Koshei The Deathless" nameDescription="Koshei the Deathless" race="undead" experience="0" speed="390">
	<health now="3000" max="3000" />
	<look type="99" head="95" body="116" legs="119" feet="115" corpse="6028" />
	<targetchange interval="5000" chance="8" />
	<flags>
		<flag summonable="0" />
		<flag attackable="1" />
		<flag hostile="1" />
		<flag illusionable="0" />
		<flag convinceable="0" />
		<flag pushable="0" />
		<flag canpushitems="1" />
		<flag canpushcreatures="1" />
		<flag targetdistance="1" />
		<flag staticattack="90" />
		<flag runonhealth="0" />
		<flag isboss="1" />
	</flags>
	<attacks>
		<attack name="melee" interval="2000" min="0" max="-170" poison="300" />
		<attack name="lifedrain" interval="3000" chance="9" range="1" min="-60" max="-250">
			<attribute key="areaEffect" value="blueshimmer" />
		</attack>
		<attack name="lifedrain" interval="1000" chance="11" radius="3" target="0" min="-70" max="-135">
			<attribute key="areaEffect" value="redshimmer" />
		</attack>
		<attack name="death" interval="2000" chance="9" length="8" spread="0" min="-50" max="-140">
			<attribute key="areaEffect" value="mortarea" />
		</attack>
		<attack name="cursecondition" interval="3000" chance="15" range="1" min="-54" max="-54" />
		<attack name="speed" interval="2000" chance="15" range="7" speedchange="-900" duration="30000">
			<attribute key="areaEffect" value="redshimmer" />
		</attack>
	</attacks>
	<defenses armor="20" defense="20">
		<defense name="healing" interval="1000" chance="30" min="150" max="300">
			<attribute key="areaEffect" value="blueshimmer" />
		</defense>
	</defenses>
	<elements>
		<element energyPercent="80" />
		<element holyPercent="-15" />
		<element firePercent="-10" />
	</elements>
	<immunities>
		<immunity death="1" />
		<immunity earth="1" />
		<immunity paralyze="1" />
		<immunity invisible="1" />
	</immunities>
	<summons maxSummons="1">
		<summon name="bonebeast" interval="1000" chance="16" />
	</summons>
	<voices interval="5000" chance="10">
		<voice sentence="Your pain will be beyond imagination!" />
		<voice sentence="You can't defeat me! I will ressurect and take your soul!" />
		<voice sentence="Death is my ally!" />
		<voice sentence="Welcome to my domain, visitor!" />
		<voice sentence="You will be my toy on the other side!" />
		<voice sentence="What a disgusting smell of life!" />
	</voices>
	<loot>
		<item name="gold coin" countmax="100" chance="100000" />
		<item name="gold coin" countmax="12" chance="80000" />
		<item name="stealth ring" chance="888" />
		<item name="platinum amulet" chance="1666" />
		<item id="2175" chance="10000" /><!-- spellbook -->
		<item name="gold ring" chance="900" />
		<item id="2237" chance="10000" /><!-- dirty cape -->
		<item id="2401" chance="10000" /><!-- staff -->
		<item name="castle shield" chance="588" />
		<item name="blue robe" chance="709" />
		<item name="lich staff" chance="1000" />
		<item name="lightning boots" chance="688" />
	</loot>
</monster>
