<?xml version="1.0" encoding="UTF-8"?>
<monster name="Larva" nameDescription="a larva" race="venom" experience="44" speed="124" manacost="355">
	<health now="70" max="70" />
	<look type="82" corpse="6023" />
	<targetchange interval="5000" chance="0" />
	<flags>
		<flag summonable="1" />
		<flag attackable="1" />
		<flag hostile="1" />
		<flag illusionable="1" />
		<flag convinceable="0" />
		<flag pushable="1" />
		<flag canpushitems="0" />
		<flag canpushcreatures="0" />
		<flag targetdistance="1" />
		<flag staticattack="90" />
		<flag runonhealth="0" />
		<flag canwalkonenergy="0" />
		<flag canwalkonfire="0" />
	</flags>
	<attacks>
		<attack name="melee" interval="2000" min="0" max="-35" poison="15" />
	</attacks>
	<defenses armor="5" defense="5" />
	<elements>
		<element energyPercent="10" />
		<element firePercent="-10" />
		<element icePercent="-5" />
	</elements>
	<immunities>
		<immunity earth="1" />
		<immunity paralyze="1" />
	</immunities>
	<loot>
		<item name="gold coin" countmax="15" chance="65000" />
		<item name="meat" chance="15000" />
	</loot>
</monster>
